﻿<?xml version="1.0" encoding="UTF-8"?>
<!DOCTYPE toyota_om_vh_ge_en SYSTEM "toyota_om_vh_ge_en.dtd" []>
<toyota_om_vh_ge_en><book dev_code="351b" pubname="COROLLA_TMT_GE" drive_train="ff" brand="to" scale="major" pubno="M02502" period_from="201908" body_type="sedan" model="ZRE210_MZEA12L" lang="en" revision="00" vehicle_code="718w" om_style="16style" lo_date="201908" identify_code="x-xx" id="M02502togeenvh" manualtype="vh" period_to="999999" publish_date="201908" production="cmc" vehicle_type="conventional" destination="ge"><illusttoc id="il01"><title column="full">Pictorial index</title><subtitle>Exterior</subtitle><body id="il010301"><fig column="full"><image id="il0103010501" href="../image/zzcvpiaj001a.eps" width="114.000mm" height="76.000mm" /><callout type="illust"><calloutitem><callouttxt column="full"><symbol href="../common/step_a.eps" width="4.233mm" height="4.233mm" /><break type="tab" />Doors<break type="tab" /><xref type="P.page" refid="ch03se020401" srcfile="M02502togeenvhch03.xml#ch03se020401" /></callouttxt><callouttxt_sub column="full">Locking/unlocking<break type="tab" /><xref type="P.page" refid="ch03se0204010501" srcfile="M02502togeenvhch03.xml#ch03se0204010501" /></callouttxt_sub><callouttxt_sub column="full">Opening/closing the side windows<break type="tab" /><xref type="P.page" refid="ch03se050401" srcfile="M02502togeenvhch03.xml#ch03se050401" /></callouttxt_sub><callouttxt_sub column="full">Locking/unlocking by using the mechanical key<sup>*1</sup><break type="tab" /><xref type="P.page" refid="ch08se0204100504" srcfile="M02502togeenvhch08.xml#ch08se0204100504" /></callouttxt_sub><callouttxt_sub column="full">Warning lights<sup>*2</sup>/warning messages<sup>*3</sup><break type="tab" /><xref refid="ch02se0104010503" type="P.page" srcfile="M02502togeenvhch02.xml#ch02se0104010503" />, <xref type="page only" refid="ch03se020401050206030802" srcfile="M02502togeenvhch03.xml#ch03se020401050206030802" /></callouttxt_sub></calloutitem><calloutitem><callouttxt column="full"><symbol href="../common/step_b.eps" width="4.233mm" height="4.233mm" /><break type="tab" />Trunk<break type="tab" /><xref type="P.page" refid="ch03se020402" srcfile="M02502togeenvhch03.xml#ch03se020402" /></callouttxt><callouttxt_sub column="full">Opening from inside<break type="tab" /><xref type="P.page" refid="ch03se0204020503" srcfile="M02502togeenvhch03.xml#ch03se0204020503" /></callouttxt_sub><callouttxt_sub column="full">Opening from outside<break type="tab" /><xref type="P.page" refid="ch03se0204020503" srcfile="M02502togeenvhch03.xml#ch03se0204020503" /></callouttxt_sub><callouttxt_sub column="full">Warning lights<sup>*2</sup>/warning messages<sup>*3</sup><break type="tab" /><xref refid="ch02se0104010503" type="P.page" srcfile="M02502togeenvhch02.xml#ch02se0104010503" />, <xref type="page only" refid="ch03se020401050206030802" srcfile="M02502togeenvhch03.xml#ch03se020401050206030802" /></callouttxt_sub></calloutitem><calloutitem><callouttxt column="full"><symbol href="../common/step_c.eps" width="4.233mm" height="4.233mm" /><break type="tab" />Outside rear view mirrors<break type="tab" /><xref type="P.page" refid="ch03se040403" srcfile="M02502togeenvhch03.xml#ch03se040403" /></callouttxt><callouttxt_sub column="full">Adjusting the mirror angle<break type="tab" /><xref type="P.page" refid="ch03se0404030503" srcfile="M02502togeenvhch03.xml#ch03se0404030503" /></callouttxt_sub><callouttxt_sub column="full">Folding the mirrors<break type="tab" /><xref type="P.page" refid="ch03se0404030504" srcfile="M02502togeenvhch03.xml#ch03se0404030504" /></callouttxt_sub></calloutitem><calloutitem><callouttxt column="full"><symbol href="../common/step_d.eps" width="4.233mm" height="4.233mm" /><break type="tab" />Windshield wipers<break type="tab" /><xref type="P.page" refid="ch04se030404" srcfile="M02502togeenvhch04.xml#ch04se030404" /></callouttxt><callouttxt_sub column="full">Precautions for winter season<break type="tab" /><xref type="P.page" refid="ch04se060401" srcfile="M02502togeenvhch04.xml#ch04se060401" /></callouttxt_sub><callouttxt_sub column="full">Precautions for car wash<break type="tab" /><xref type="P.page" refid="ch07se01040105041002" srcfile="M02502togeenvhch07.xml#ch07se01040105041002" /></callouttxt_sub></calloutitem><calloutitem><callouttxt column="full"><symbol href="../common/step_e.eps" width="4.233mm" height="4.233mm" /><break type="tab" />Fuel filler door<break type="tab" /><xref type="P.page" refid="ch04se040401" srcfile="M02502togeenvhch04.xml#ch04se040401" /></callouttxt><callouttxt_sub column="full">Refueling method<break type="tab" /><xref type="P.page" refid="ch04se0404010503" srcfile="M02502togeenvhch04.xml#ch04se0404010503" /></callouttxt_sub><callouttxt_sub column="full">Fuel type/fuel tank capacity<break type="tab" /><xref type="P.page" refid="ch09se0104010504" srcfile="M02502togeenvhch09.xml#ch09se0104010504" /></callouttxt_sub></calloutitem><calloutitem><callouttxt column="full"><symbol href="../common/step_f.eps" width="4.233mm" height="4.233mm" /><break type="tab" />Tires<break type="tab" /><xref type="P.page" refid="ch07se030405" srcfile="M02502togeenvhch07.xml#ch07se030405" /></callouttxt><callouttxt_sub column="full">Tire size/inflation pressure<break type="tab" /><xref refid="ch09se0104010516" srcfile="M02502togeenvhch09.xml#ch09se0104010516" /></callouttxt_sub><callouttxt_sub column="full">Winter tires/tire chains<break type="tab" /><xref type="P.page" refid="ch04se060401" srcfile="M02502togeenvhch04.xml#ch04se060401" /></callouttxt_sub><callouttxt_sub column="full">Checking/rotation/tire pressure warning system<sup>*4</sup><break type="tab" /><xref type="P.page" refid="ch07se030405" srcfile="M02502togeenvhch07.xml#ch07se030405" /></callouttxt_sub><callouttxt_sub column="full">Coping with flat tires<break type="tab" /><xref type="P.page" refid="ch08se020407" srcfile="M02502togeenvhch08.xml#ch08se020407" />, <xref refid="ch08se020406" type="page only" srcfile="M02502togeenvhch08.xml#ch08se020406" /></callouttxt_sub></calloutitem><calloutitem><callouttxt column="full"><symbol href="../common/step_g.eps" width="4.233mm" height="4.233mm" /><break type="tab" />Hood<break type="tab" /><xref type="P.page" refid="ch07se030402" srcfile="M02502togeenvhch07.xml#ch07se030402" /></callouttxt><callouttxt_sub column="full">Opening<break type="tab" /><xref type="P.page" refid="ch07se0304020501" srcfile="M02502togeenvhch07.xml#ch07se0304020501" /></callouttxt_sub><callouttxt_sub column="full">Engine oil<break type="tab" /><xref type="P.page" refid="ch09se0104010505" srcfile="M02502togeenvhch09.xml#ch09se0104010505" /></callouttxt_sub><callouttxt_sub column="full">Coping with overheating<break type="tab" /><xref type="P.page" refid="ch08se020412" srcfile="M02502togeenvhch08.xml#ch08se020412" /></callouttxt_sub></calloutitem></callout></fig><table colsep="0" rowsep="0" frame="sides" column="full" pgwide="0"><tgroup cols="1" tabletype="ParaTable" colsep="0"><colspec colname="1" colwidth="118mm" colnum="1" colsep="0" /><tbody><row><entry colname="1" align="left"><p column="full"><b type="other">Light bulbs of the exterior lights for driving</b><break />(Replacing method: <xref type="P.page" refid="ch07se030411" srcfile="M02502togeenvhch07.xml#ch07se030411" />, Watts: <xref refid="ch09se0104010517" srcfile="M02502togeenvhch09.xml#ch09se0104010517" />)</p></entry></row></tbody></tgroup></table><fig column="full"><callout type="illust" startnumber="8"><calloutitem><callouttxt column="full"><symbol href="../common/step_h.eps" width="4.233mm" height="4.233mm" /><break type="tab" />Headlights/front position lights/daytime running lights<sup>*4</sup>/turn signal lights<break type="tab" /><xref type="P.page" refid="ch04se020405" srcfile="M02502togeenvhch04.xml#ch04se020405" />, <xref type="page only" refid="ch04se030401" srcfile="M02502togeenvhch04.xml#ch04se030401" /></callouttxt></calloutitem><calloutitem><callouttxt column="full"><symbol href="../common/step_i.eps" width="4.233mm" height="4.233mm" /><break type="tab" />Front fog lights<sup>*4</sup><break type="tab" /><xref type="P.page" refid="ch04se030403" srcfile="M02502togeenvhch04.xml#ch04se030403" /></callouttxt></calloutitem><calloutitem><callouttxt column="full"><symbol href="../common/step_j.eps" width="4.233mm" height="4.233mm" /><break type="tab" />Stop lights/tail lights/turn signal lights<break type="tab" /><xref type="P.page" refid="ch04se020405" srcfile="M02502togeenvhch04.xml#ch04se020405" />, <xref type="page only" refid="ch04se030401" srcfile="M02502togeenvhch04.xml#ch04se030401" /></callouttxt></calloutitem><calloutitem><callouttxt column="full"><symbol href="../common/step_k.eps" width="4.233mm" height="4.233mm" /><break type="tab" />License plate lights<break type="tab" /><xref type="P.page" refid="ch04se030401" srcfile="M02502togeenvhch04.xml#ch04se030401" /></callouttxt></calloutitem><calloutitem><callouttxt column="full"><symbol href="../common/step_l.eps" width="4.233mm" height="4.233mm" /><break type="tab" />Tail light<break type="tab" /><xref type="P.page" refid="ch04se030401" srcfile="M02502togeenvhch04.xml#ch04se030401" /><break /><break type="tab" />Rear fog light<sup>*4, 5</sup><break type="tab" /><xref refid="ch04se030403" srcfile="M02502togeenvhch04.xml#ch04se030403" /><break />Back-up light<sup>*4</sup></callouttxt><callouttxt_sub column="full">Shifting the shift position to R<break type="tab" /><xref refid="ch04se020403" srcfile="M02502togeenvhch04.xml#ch04se020403" />, <xref refid="ch04se020404" type="page only" srcfile="M02502togeenvhch04.xml#ch04se020404" /></callouttxt_sub></calloutitem><calloutitem><callouttxt><symbol href="../common/step_m.eps" width="4.233mm" height="4.233mm" /><break type="tab" />Tail light<break type="tab" /><xref type="P.page" refid="ch04se030401" srcfile="M02502togeenvhch04.xml#ch04se030401" /><break /><break type="tab" />Rear fog light<sup>*4, 6</sup><break type="tab" /><xref refid="ch04se030403" srcfile="M02502togeenvhch04.xml#ch04se030403" /><break />Back-up light<sup>*4</sup></callouttxt><callouttxt_sub column="full">Shifting the shift position to R<break type="tab" /><xref refid="ch04se020403" srcfile="M02502togeenvhch04.xml#ch04se020403" />, <xref type="page only" refid="ch04se020404" srcfile="M02502togeenvhch04.xml#ch04se020404" /></callouttxt_sub></calloutitem></callout></fig><footnote type="other" num="1"><p column="full">Vehicles with a smart entry &amp; start system</p></footnote><footnote type="other" num="2"><p column="full">Vehicles with a drive monitor display</p></footnote><footnote type="other" num="3"><p column="full">Vehicles with a multi-information display</p></footnote><footnote type="other" num="4"><p column="full">If equipped</p></footnote><footnote type="other" num="5"><p column="full">Right-hand drive vehicles</p></footnote><footnote type="other" num="6"><p column="full">Left-hand drive vehicles</p></footnote></body><subtitle>Instrument panel (left-hand drive vehicles)</subtitle><body id="il010302"><fig column="full"><image id="il0103020501" href="../image/zzcvpiaj002a.eps" width="114.000mm" height="76.000mm" /><callout type="illust"><calloutitem><callouttxt column="full"><symbol href="../common/step_a.eps" width="4.233mm" height="4.233mm" /><break type="tab" />Engine switch<break type="tab" /><xref type="P.page" refid="ch04se020401" srcfile="M02502togeenvhch04.xml#ch04se020401" />, <xref refid="ch04se020402" type="page only" srcfile="M02502togeenvhch04.xml#ch04se020402" /></callouttxt><callouttxt_sub column="full">Starting the engine/changing the positions<sup>*1</sup><break type="tab" /><xref type="P.page" refid="ch04se020401" srcfile="M02502togeenvhch04.xml#ch04se020401" /></callouttxt_sub><callouttxt_sub column="full">Starting the engine/changing the modes<sup>*2</sup><break type="tab" /><xref type="P.page" refid="ch04se020402" srcfile="M02502togeenvhch04.xml#ch04se020402" /></callouttxt_sub><callouttxt_sub column="full">Emergency stop of the engine<break type="tab" /><xref type="P.page" refid="ch08se010402" srcfile="M02502togeenvhch08.xml#ch08se010402" /></callouttxt_sub><callouttxt_sub column="full">When the engine will not start<break type="tab" /><xref type="P.page" refid="ch08se020408" srcfile="M02502togeenvhch08.xml#ch08se020408" /></callouttxt_sub><callouttxt_sub column="full">Warning messages<sup>*3</sup><break type="tab" /><xref type="P.page" refid="ch08se020405" srcfile="M02502togeenvhch08.xml#ch08se020405" /></callouttxt_sub></calloutitem><calloutitem><callouttxt column="full"><symbol href="../common/step_b.eps" width="4.233mm" height="4.233mm" /><break type="tab" />Shift lever<break type="tab" /><xref type="P.page" refid="ch04se020403" srcfile="M02502togeenvhch04.xml#ch04se020403" />, <xref refid="ch04se020404" type="page only" srcfile="M02502togeenvhch04.xml#ch04se020404" /></callouttxt><callouttxt_sub column="full">Changing the shift position<break type="tab" /><xref type="P.page" refid="ch04se020403" srcfile="M02502togeenvhch04.xml#ch04se020403" />, <xref type="page only" refid="ch04se020404" srcfile="M02502togeenvhch04.xml#ch04se020404" /></callouttxt_sub><callouttxt_sub column="full">Precautions for towing<break type="tab" /><xref type="P.page" refid="ch08se020401" srcfile="M02502togeenvhch08.xml#ch08se020401" /></callouttxt_sub><callouttxt_sub column="full">When the shift lever does not move<sup>*4</sup><break type="tab" /><xref type="P.page" refid="ch04se0204030503060107010902" srcfile="M02502togeenvhch04.xml#ch04se0204030503060107010902" /></callouttxt_sub></calloutitem><calloutitem><callouttxt column="full"><symbol href="../common/step_c.eps" width="4.233mm" height="4.233mm" /><break type="tab" />Meters<break type="tab" /><xref type="P.page" refid="ch02se010402" srcfile="M02502togeenvhch02.xml#ch02se010402" />, <xref type="page only" refid="ch02se010403" srcfile="M02502togeenvhch02.xml#ch02se010403" />, <xref type="page only" refid="ch02se010404" srcfile="M02502togeenvhch02.xml#ch02se010404" /></callouttxt><callouttxt_sub column="full">Reading the meters/adjusting the instrument panel light<break type="tab" /><xref type="P.page" refid="ch02se010402" srcfile="M02502togeenvhch02.xml#ch02se010402" />, <xref type="page only" refid="ch02se010403" srcfile="M02502togeenvhch02.xml#ch02se010403" />, <xref type="page only" refid="ch02se010404" srcfile="M02502togeenvhch02.xml#ch02se010404" /></callouttxt_sub><callouttxt_sub column="full">Warning lights/indicator lights<break type="tab" /><xref type="P.page" refid="ch02se010401" srcfile="M02502togeenvhch02.xml#ch02se010401" /></callouttxt_sub><callouttxt_sub column="full">When a warning light turns on<break type="tab" /><xref type="P.page" refid="ch08se020404" srcfile="M02502togeenvhch08.xml#ch08se020404" /></callouttxt_sub></calloutitem><calloutitem><callouttxt column="full"><symbol href="../common/step_d.eps" width="4.233mm" height="4.233mm" /><break type="tab" />Drive monitor display<sup>*5</sup><break type="tab" /><xref type="P.page" refid="ch02se010405" srcfile="M02502togeenvhch02.xml#ch02se010405" /><break /><break type="tab" />Multi-information display<sup>*5</sup><break type="tab" /><xref type="P.page" refid="ch02se010406" srcfile="M02502togeenvhch02.xml#ch02se010406" /></callouttxt><callouttxt_sub column="full">Display<break type="tab" /><xref type="P.page" refid="ch02se010406" srcfile="M02502togeenvhch02.xml#ch02se010406" /></callouttxt_sub><callouttxt_sub column="full">When a warning message is displayed<sup>*3</sup><break type="tab" /><xref type="P.page" refid="ch08se020405" srcfile="M02502togeenvhch08.xml#ch08se020405" /></callouttxt_sub></calloutitem><calloutitem><callouttxt column="full"><symbol href="../common/step_e.eps" width="4.233mm" height="4.233mm" /><break type="tab" />Parking brake<sup>*5</sup><break type="tab" /><xref type="P.page" refid="ch04se020406" srcfile="M02502togeenvhch04.xml#ch04se020406" /></callouttxt><callouttxt_sub column="full">Applying/releasing<break type="tab" /><xref type="P.page" refid="ch04se020406" srcfile="M02502togeenvhch04.xml#ch04se020406" /></callouttxt_sub><callouttxt_sub column="full">Precautions for winter season<break type="tab" /><xref type="P.page" refid="ch04se0604010505" srcfile="M02502togeenvhch04.xml#ch04se0604010505" /></callouttxt_sub><callouttxt_sub column="full">Warning light/message<sup>*3</sup><break type="tab" /><xref refid="ch08se020404" srcfile="M02502togeenvhch08.xml#ch08se020404" />, <xref type="page only" refid="ch04se020406050206020802" srcfile="M02502togeenvhch04.xml#ch04se020406050206020802" /></callouttxt_sub></calloutitem><calloutitem><callouttxt column="full"><symbol href="../common/step_f.eps" width="4.233mm" height="4.233mm" /><break type="tab" />Turn signal lever<break type="tab" /><xref type="P.page" refid="ch04se020405" srcfile="M02502togeenvhch04.xml#ch04se020405" /><break /><break type="tab" />Headlight switch<break type="tab" /><xref type="P.page" refid="ch04se030401" srcfile="M02502togeenvhch04.xml#ch04se030401" /></callouttxt><callouttxt_sub column="full">Headlights/front position lights/tail lights/license plate lights/daytime running lights<sup>*5</sup><break type="tab" /><xref type="P.page" refid="ch04se030401" srcfile="M02502togeenvhch04.xml#ch04se030401" /></callouttxt_sub><callouttxt_sub column="full">Front fog lights<sup>*5</sup>/rear fog light<sup>*5</sup><break type="tab" /><xref type="P.page" refid="ch04se030403" srcfile="M02502togeenvhch04.xml#ch04se030403" /></callouttxt_sub></calloutitem><calloutitem><callouttxt column="full"><symbol href="../common/step_g.eps" width="4.233mm" height="4.233mm" /><break type="tab" />Windshield wiper and washer switch<break type="tab" /><xref type="P.page" refid="ch04se030404" srcfile="M02502togeenvhch04.xml#ch04se030404" /></callouttxt><callouttxt_sub column="full">Usage<break type="tab" /><xref type="P.page" refid="ch04se030404" srcfile="M02502togeenvhch04.xml#ch04se030404" /></callouttxt_sub><callouttxt_sub column="full">Adding washer fluid<break type="tab" /><xref type="P.page" refid="ch07se0304040506" srcfile="M02502togeenvhch07.xml#ch07se0304040506" /></callouttxt_sub></calloutitem><calloutitem><callouttxt column="full"><symbol href="../common/step_h.eps" width="4.233mm" height="4.233mm" /><break type="tab" />Emergency flasher switch<break type="tab" /><xref type="P.page" refid="ch08se010401" srcfile="M02502togeenvhch08.xml#ch08se010401" /></callouttxt></calloutitem><calloutitem><callouttxt column="full"><symbol href="../common/step_i.eps" width="4.233mm" height="4.233mm" /><break type="tab" />Hood lock release lever<break type="tab" /><xref type="P.page" refid="ch07se030402" srcfile="M02502togeenvhch07.xml#ch07se030402" /></callouttxt></calloutitem><calloutitem><callouttxt column="full"><symbol href="../common/step_j.eps" width="4.233mm" height="4.233mm" /><break type="tab" />Tilt and telescopic steering lock release lever<break type="tab" /><xref type="P.page" refid="ch03se040401" srcfile="M02502togeenvhch03.xml#ch03se040401" /></callouttxt></calloutitem><calloutitem><callouttxt column="full"><symbol href="../common/step_k.eps" width="4.233mm" height="4.233mm" /><break type="tab" />Air conditioning system<break type="tab" /><xref type="P.page" refid="ch06se010401" srcfile="M02502togeenvhch06.xml#ch06se010401" />, <xref refid="ch06se010402" type="page only" srcfile="M02502togeenvhch06.xml#ch06se010402" /></callouttxt><callouttxt_sub column="full">Usage<break type="tab" /><xref type="P.page" refid="ch06se010401" srcfile="M02502togeenvhch06.xml#ch06se010401" />, <xref type="page only" refid="ch06se010402" srcfile="M02502togeenvhch06.xml#ch06se010402" /></callouttxt_sub><callouttxt_sub column="full">Rear window defogger<break type="tab" /><xref type="P.page" refid="ch06se01040105020608" srcfile="M02502togeenvhch06.xml#ch06se01040105020608" />, <xref type="page only" refid="ch06se01040205020608" srcfile="M02502togeenvhch06.xml#ch06se01040205020608" /></callouttxt_sub></calloutitem><calloutitem><callouttxt column="full"><symbol href="../common/step_l.eps" width="4.233mm" height="4.233mm" /><break type="tab" />Audio system<sup>*5, 6</sup><break type="tab" /><xref refid="ch05se010401" srcfile="M02502togeenvhch05.xml#ch05se010401" /></callouttxt></calloutitem></callout></fig><footnote type="other" num="1"><p column="full">Vehicles without a smart entry &amp; start system</p></footnote><footnote type="other" num="2"><p column="full">Vehicles with a smart entry &amp; start system</p></footnote><footnote type="other" num="3"><p column="full">Vehicles with a multi-information display</p></footnote><footnote type="other" num="4"><p column="full">Vehicles with a continuously variable transmission</p></footnote><footnote type="other" num="5"><p column="full">If equipped</p></footnote><footnote type="other" num="6"><p column="full">Vehicles with navigation/multimedia system, refer to “Navigation and Multimedia System Owner’s Manual”.</p></footnote></body><subtitle>Switches (left-hand drive vehicles)</subtitle><body id="il010303"><fig column="full"><image id="il0103030501" href="../image/zzcvpiaj003a.eps" width="114.000mm" height="57.000mm" /><callout type="illust"><calloutitem><callouttxt column="full"><symbol href="../common/step_a.eps" width="4.233mm" height="4.233mm" /><break type="tab" />Headlight leveling dial<sup>*</sup><break type="tab" /><xref refid="ch04se0304010505" srcfile="M02502togeenvhch04.xml#ch04se0304010505" /></callouttxt></calloutitem><calloutitem><callouttxt column="full"><symbol href="../common/step_b.eps" width="4.233mm" height="4.233mm" /><break type="tab" />Automatic High Beam switch<sup>*</sup><break type="tab" /><xref type="P.page" refid="ch04se030402" srcfile="M02502togeenvhch04.xml#ch04se030402" /></callouttxt></calloutitem><calloutitem><callouttxt column="full"><symbol href="../common/step_c.eps" width="4.233mm" height="4.233mm" /><break type="tab" />Tire pressure warning reset switch<sup>*</sup><break type="tab" /><xref type="P.page" refid="ch07se03040505060602" srcfile="M02502togeenvhch07.xml#ch07se03040505060602" /></callouttxt></calloutitem><calloutitem><callouttxt column="full"><symbol href="../common/step_d.eps" width="4.233mm" height="4.233mm" /><break type="tab" />Outside rear view mirror switches<break type="tab" /><xref type="P.page" refid="ch03se040403" srcfile="M02502togeenvhch03.xml#ch03se040403" /></callouttxt></calloutitem><calloutitem><callouttxt column="full"><symbol href="../common/step_e.eps" width="4.233mm" height="4.233mm" /><break type="tab" />Door lock switches<break type="tab" /><xref type="P.page" refid="ch03se0204010502" srcfile="M02502togeenvhch03.xml#ch03se0204010502" /></callouttxt></calloutitem><calloutitem><callouttxt column="full"><symbol href="../common/step_f.eps" width="4.233mm" height="4.233mm" /><break type="tab" />Power window switches<break type="tab" /><xref type="P.page" refid="ch03se050401" srcfile="M02502togeenvhch03.xml#ch03se050401" /></callouttxt></calloutitem><calloutitem><callouttxt column="full"><symbol href="../common/step_g.eps" width="4.233mm" height="4.233mm" /><break type="tab" />Window lock switch<break type="tab" /><xref type="P.page" refid="ch03se0504010502" srcfile="M02502togeenvhch03.xml#ch03se0504010502" /></callouttxt></calloutitem></callout></fig><footnote type="other"><p column="full">If equipped</p></footnote><fig column="full"><image id="il0103030502" href="../image/zzcvpiaj017a.eps" width="114.000mm" height="76.000mm" /><callout type="illust"><calloutitem><callouttxt column="full"><symbol href="../common/step_a.eps" width="4.233mm" height="4.233mm" /><break type="tab" />Meter control switches<sup>*1</sup><break type="tab" /><xref refid="ch02se0104060503" srcfile="M02502togeenvhch02.xml#ch02se0104060503" /></callouttxt></calloutitem><calloutitem><callouttxt column="full"><symbol href="../common/step_b.eps" width="4.233mm" height="4.233mm" /><break type="tab" />Paddle shift switches<sup>*1</sup><break type="tab" /><xref type="P.page" refid="ch04se0204030505" srcfile="M02502togeenvhch04.xml#ch04se0204030505" /></callouttxt></calloutitem><calloutitem><callouttxt column="full"><symbol href="../common/step_c.eps" width="4.233mm" height="4.233mm" /><break type="tab" />Vehicle-to-vehicle distance switch<sup>*1</sup><break type="tab" /><xref refid="ch04se0504060506" srcfile="M02502togeenvhch04.xml#ch04se0504060506" /></callouttxt></calloutitem><calloutitem><callouttxt column="full"><symbol href="../common/step_d.eps" width="4.233mm" height="4.233mm" /><break type="tab" />Cruise control switches<sup>*1</sup></callouttxt><callouttxt_sub column="full">Dynamic radar cruise control with full-speed range<sup>*1</sup><break type="tab" /><xref type="P.page" refid="ch04se050405" srcfile="M02502togeenvhch04.xml#ch04se050405" /></callouttxt_sub><callouttxt_sub column="full">Dynamic radar cruise control<sup>*1</sup><break type="tab" /><xref type="P.page" refid="ch04se0504060505" srcfile="M02502togeenvhch04.xml#ch04se0504060505" /></callouttxt_sub><callouttxt_sub column="full">Cruise control<sup>*1</sup><break type="tab" /><xref type="P.page" refid="ch04se050407" srcfile="M02502togeenvhch04.xml#ch04se050407" /></callouttxt_sub></calloutitem><calloutitem><callouttxt column="full"><symbol href="../common/step_e.eps" width="4.233mm" height="4.233mm" /><break type="tab" />Audio remote control switches<sup>*1, 2</sup><break type="tab" /><xref refid="ch05se010402" srcfile="M02502togeenvhch05.xml#ch05se010402" /></callouttxt></calloutitem><calloutitem><callouttxt column="full"><symbol href="../common/step_f.eps" width="4.233mm" height="4.233mm" /><break type="tab" />LTA (Lane Tracing Assist) switch<sup>*1</sup><break type="tab" /><xref type="P.page" refid="ch04se050403" srcfile="M02502togeenvhch04.xml#ch04se050403" /><break /><break type="tab" />LDA (Lane Departure Alert with steering control) switch<sup>*1</sup><break type="tab" /><xref type="P.page" refid="ch04se050404" srcfile="M02502togeenvhch04.xml#ch04se050404" /></callouttxt></calloutitem><calloutitem><callouttxt column="full"><symbol href="../common/step_g.eps" width="4.233mm" height="4.233mm" /><break type="tab" />Phone switch<sup>*1, 2</sup><break type="tab" /><xref refid="ch05se060402" srcfile="M02502togeenvhch05.xml#ch05se060402" /></callouttxt></calloutitem><calloutitem><callouttxt column="full"><symbol href="../common/step_h.eps" width="4.233mm" height="4.233mm" /><break type="tab" />Talk switch<sup>*1, 2</sup><break type="tab" /><xref refid="ch05se060402" srcfile="M02502togeenvhch05.xml#ch05se060402" /></callouttxt></calloutitem><calloutitem><callouttxt><symbol href="../common/step_i.eps" width="4.233mm" height="4.233mm" /><break type="tab" />“DISP” switch<sup>*1</sup><break type="tab" /><xref refid="ch02se0104050503" srcfile="M02502togeenvhch02.xml#ch02se0104050503" /></callouttxt></calloutitem></callout></fig><footnote type="other" num="1"><p column="full">If equipped</p></footnote><footnote type="other" num="2"><p column="full">Vehicles with navigation/multimedia system, refer to “Navigation and Multimedia System Owner’s Manual”.</p></footnote><fig column="full"><image id="il0103030503" href="../image/zzcvpiaj005a.eps" width="114.000mm" height="57.000mm" /><callout type="illust"><calloutitem><callouttxt column="full"><symbol href="../common/step_a.eps" width="4.233mm" height="4.233mm" /><break type="tab" />Sport mode switch<sup>*</sup><break type="tab" /><xref refid="ch04se050411" srcfile="M02502togeenvhch04.xml#ch04se050411" /></callouttxt></calloutitem><calloutitem><callouttxt column="full"><symbol href="../common/step_b.eps" width="4.233mm" height="4.233mm" /><break type="tab" />VSC OFF switch<break type="tab" /><xref refid="ch04se050412050206100802" srcfile="M02502togeenvhch04.xml#ch04se050412050206100802" /></callouttxt></calloutitem><calloutitem><callouttxt column="full"><symbol href="../common/step_c.eps" width="4.233mm" height="4.233mm" /><break type="tab" />Parking brake switch<sup>*</sup><break type="tab" /><xref refid="ch04se020407" srcfile="M02502togeenvhch04.xml#ch04se020407" /></callouttxt><callouttxt_sub column="full">Precautions for winter season<break type="tab" /><xref type="P.page" refid="ch04se0604010505" srcfile="M02502togeenvhch04.xml#ch04se0604010505" /></callouttxt_sub></calloutitem><calloutitem><callouttxt column="full"><symbol href="../common/step_d.eps" width="4.233mm" height="4.233mm" /><break type="tab" />Brake hold switch<sup>*</sup><break type="tab" /><xref refid="ch04se020408" srcfile="M02502togeenvhch04.xml#ch04se020408" /></callouttxt></calloutitem></callout></fig><footnote type="other"><p column="full">If equipped</p></footnote></body><subtitle>Interior (left-hand drive vehicles)</subtitle><body id="il010304"><fig column="full"><image id="il0103040501" href="../image/zzcvpiaj014a.eps" width="114.000mm" height="76.000mm" /><callout type="illust"><calloutitem><callouttxt column="full"><symbol href="../common/step_a.eps" width="4.233mm" height="4.233mm" /><break type="tab" />SRS airbags<break type="tab" /><xref type="P.page" refid="ch01se010404" srcfile="M02502togeenvhch01.xml#ch01se010404" /></callouttxt></calloutitem><calloutitem><callouttxt column="full"><symbol href="../common/step_b.eps" width="4.233mm" height="4.233mm" /><break type="tab" />Floor mats<break type="tab" /><xref type="P.page" refid="ch01se010401" srcfile="M02502togeenvhch01.xml#ch01se010401" /></callouttxt></calloutitem><calloutitem><callouttxt column="full"><symbol href="../common/step_c.eps" width="4.233mm" height="4.233mm" /><break type="tab" />Front seats<break type="tab" /><xref type="P.page" refid="ch03se030401" srcfile="M02502togeenvhch03.xml#ch03se030401" /></callouttxt></calloutitem><calloutitem><callouttxt column="full"><symbol href="../common/step_d.eps" width="4.233mm" height="4.233mm" /><break type="tab" />Head restraints<break type="tab" /><xref type="P.page" refid="ch03se030403" srcfile="M02502togeenvhch03.xml#ch03se030403" /></callouttxt></calloutitem><calloutitem><callouttxt column="full"><symbol href="../common/step_e.eps" width="4.233mm" height="4.233mm" /><break type="tab" />Seat belts<break type="tab" /><xref type="P.page" refid="ch01se010403" srcfile="M02502togeenvhch01.xml#ch01se010403" /></callouttxt></calloutitem><calloutitem><callouttxt column="full"><symbol href="../common/step_f.eps" width="4.233mm" height="4.233mm" /><break type="tab" />Console box<break type="tab" /><xref type="P.page" refid="ch06se0304010505" srcfile="M02502togeenvhch06.xml#ch06se0304010505" /></callouttxt></calloutitem><calloutitem><callouttxt column="full"><symbol href="../common/step_g.eps" width="4.233mm" height="4.233mm" /><break type="tab" />Inside lock buttons<break type="tab" /><xref type="P.page" refid="ch03se02040105020602" srcfile="M02502togeenvhch03.xml#ch03se02040105020602" /></callouttxt></calloutitem><calloutitem><callouttxt column="full"><symbol href="../common/step_h.eps" width="4.233mm" height="4.233mm" /><break type="tab" />Cup holders<break type="tab" /><xref type="P.page" refid="ch06se0304010503" srcfile="M02502togeenvhch06.xml#ch06se0304010503" /></callouttxt></calloutitem><calloutitem><callouttxt column="full"><symbol href="../common/step_i.eps" width="4.233mm" height="4.233mm" /><break type="tab" />Rear seats<break type="tab" /><xref refid="ch03se030402" srcfile="M02502togeenvhch03.xml#ch03se030402" /></callouttxt></calloutitem></callout></fig></body><subtitle>Ceiling (left-hand drive vehicles)</subtitle><body id="il010305"><fig column="full"><image id="il0103050501" href="../image/zzcvpiaj007b.eps" width="114.000mm" height="38.000mm" /><callout type="illust"><calloutitem><callouttxt column="full"><symbol href="../common/step_a.eps" width="4.233mm" height="4.233mm" /><break type="tab" />Inside rear view mirror<break type="tab" /><xref type="P.page" refid="ch03se040402" srcfile="M02502togeenvhch03.xml#ch03se040402" /></callouttxt></calloutitem><calloutitem><callouttxt column="full"><symbol href="../common/step_b.eps" width="4.233mm" height="4.233mm" /><break type="tab" />Sun visors<sup>*1, 2</sup><break type="tab" /><xref refid="ch06se0404010504" srcfile="M02502togeenvhch06.xml#ch06se0404010504" /></callouttxt></calloutitem><calloutitem><callouttxt column="full"><symbol href="../common/step_c.eps" width="4.233mm" height="4.233mm" /><break type="tab" />Vanity mirrors<sup>*3</sup><break type="tab" /><xref refid="ch06se0404010505" srcfile="M02502togeenvhch06.xml#ch06se0404010505" /></callouttxt></calloutitem><calloutitem><callouttxt column="full"><symbol href="../common/step_d.eps" width="4.233mm" height="4.233mm" /><break type="tab" />Vanity lights<sup>*3</sup><break type="tab" /><xref refid="ch06se0404010505" srcfile="M02502togeenvhch06.xml#ch06se0404010505" /></callouttxt></calloutitem><calloutitem><callouttxt column="full"><symbol href="../common/step_e.eps" width="4.233mm" height="4.233mm" /><break type="tab" />Front personal lights<break type="tab" /><xref type="P.page" refid="ch06se0204010503" srcfile="M02502togeenvhch06.xml#ch06se0204010503" /></callouttxt></calloutitem><calloutitem><callouttxt column="full"><symbol href="../common/step_f.eps" width="4.233mm" height="4.233mm" /><break type="tab" />Interior lights/personal lights<break type="tab" /><xref type="P.page" refid="ch06se020401" srcfile="M02502togeenvhch06.xml#ch06se020401" /></callouttxt></calloutitem><calloutitem><callouttxt column="full"><symbol href="../common/step_g.eps" width="4.233mm" height="4.233mm" /><break type="tab" />Moon roof switches<sup>*3</sup><break type="tab" /><xref refid="ch03se050402" type="P.page" srcfile="M02502togeenvhch03.xml#ch03se050402" /></callouttxt></calloutitem><calloutitem><callouttxt column="full"><symbol href="../common/step_h.eps" width="4.233mm" height="4.233mm" /><break type="tab" />Assist grips<break type="tab" /><xref type="P.page" refid="ch06se0404010508" srcfile="M02502togeenvhch06.xml#ch06se0404010508" /></callouttxt></calloutitem></callout></fig><footnote type="other" num="1"><p column="full">Except for Taiwan: NEVER use a rearward facing child restraint on a seat protected by an ACTIVE AIRBAG in front of it, DEATH or SERIOUS INJURY to the CHILD can occur. (&rarr;<xref refid="ch01se02040305040603" type="P.page" srcfile="M02502togeenvhch01.xml#ch01se02040305040603" />)</p></footnote><fig column="full"><image id="il0103050502" href="../image/zzcvpiaa030a.eps" border="0" width="56.000mm" height="38.000mm" /></fig><footnote type="other" num="2"><p column="full">For Taiwan: DO NOT carry baby, infant and children on the front passenger seat. Except for the front passenger seat, NEVER use a rearward facing child restraint on a seat protected by an ACTIVE AIRBAG in front of it, DEATH or SERIOUS INJURY to the CHILD can occur. (&rarr;<xref refid="ch01se02040305040605" srcfile="M02502togeenvhch01.xml#ch01se02040305040605" />)</p></footnote><fig><image id="il0103050503" href="../image/zzcvpiaa109a.eps" width="56.000mm" height="38.000mm" /></fig><footnote type="other" num="3"><p column="full">If equipped</p></footnote></body><subtitle>Instrument panel (right-hand drive vehicles)</subtitle><body id="il010306"><fig column="full"><image id="il0103060501" href="../image/zzcvpiaj008a.eps" width="114.000mm" height="76.000mm" /><callout type="illust"><calloutitem><callouttxt column="full"><symbol href="../common/step_a.eps" width="4.233mm" height="4.233mm" /><break type="tab" />Engine switch<break type="tab" /><xref type="P.page" refid="ch04se020401" srcfile="M02502togeenvhch04.xml#ch04se020401" />, <xref type="page only" refid="ch04se020402" srcfile="M02502togeenvhch04.xml#ch04se020402" /></callouttxt><callouttxt_sub column="full">Starting the engine/changing the positions<sup>*1</sup><break type="tab" /><xref refid="ch04se020401" srcfile="M02502togeenvhch04.xml#ch04se020401" /></callouttxt_sub><callouttxt_sub column="full">Starting the engine/changing the modes<sup>*2</sup><break type="tab" /><xref refid="ch04se020402" srcfile="M02502togeenvhch04.xml#ch04se020402" /></callouttxt_sub><callouttxt_sub column="full">Emergency stop of the engine<break type="tab" /><xref type="P.page" refid="ch08se010402" srcfile="M02502togeenvhch08.xml#ch08se010402" /></callouttxt_sub><callouttxt_sub column="full">When the engine will not start<break type="tab" /><xref type="P.page" refid="ch08se020408" srcfile="M02502togeenvhch08.xml#ch08se020408" /></callouttxt_sub><callouttxt_sub column="full">Warning messages<sup>*3</sup><break type="tab" /><xref type="P.page" refid="ch08se020405" srcfile="M02502togeenvhch08.xml#ch08se020405" /></callouttxt_sub></calloutitem><calloutitem><callouttxt column="full"><symbol href="../common/step_b.eps" width="4.233mm" height="4.233mm" /><break type="tab" />Shift lever<break type="tab" /><xref type="P.page" refid="ch04se020403" srcfile="M02502togeenvhch04.xml#ch04se020403" /></callouttxt><callouttxt_sub column="full">Changing the shift position<break type="tab" /><xref type="P.page" refid="ch04se020403" srcfile="M02502togeenvhch04.xml#ch04se020403" /></callouttxt_sub><callouttxt_sub column="full">Precautions for towing<break type="tab" /><xref type="P.page" refid="ch08se020401" srcfile="M02502togeenvhch08.xml#ch08se020401" /></callouttxt_sub><callouttxt_sub column="full">When the shift lever does not move<break type="tab" /><xref type="P.page" refid="ch04se0204030503060107010902" srcfile="M02502togeenvhch04.xml#ch04se0204030503060107010902" /></callouttxt_sub></calloutitem><calloutitem><callouttxt column="full"><symbol href="../common/step_c.eps" width="4.233mm" height="4.233mm" /><break type="tab" />Meters<break type="tab" /><xref type="P.page" refid="ch02se010402" srcfile="M02502togeenvhch02.xml#ch02se010402" />, <xref type="page only" refid="ch02se010403" srcfile="M02502togeenvhch02.xml#ch02se010403" />, <xref type="page only" refid="ch02se010404" srcfile="M02502togeenvhch02.xml#ch02se010404" /></callouttxt><callouttxt_sub column="full">Reading the meters/adjusting the instrument panel light<break type="tab" /><xref type="P.page" refid="ch02se010402" srcfile="M02502togeenvhch02.xml#ch02se010402" />, <xref type="page only" refid="ch02se010403" srcfile="M02502togeenvhch02.xml#ch02se010403" />, <xref type="page only" refid="ch02se010404" srcfile="M02502togeenvhch02.xml#ch02se010404" /></callouttxt_sub><callouttxt_sub column="full">Warning lights/indicator lights<break type="tab" /><xref type="P.page" refid="ch02se010401" srcfile="M02502togeenvhch02.xml#ch02se010401" /></callouttxt_sub><callouttxt_sub column="full">When a warning light turns on<break type="tab" /><xref type="P.page" refid="ch08se020404" srcfile="M02502togeenvhch08.xml#ch08se020404" /></callouttxt_sub></calloutitem><calloutitem><callouttxt column="full"><symbol href="../common/step_d.eps" width="4.233mm" height="4.233mm" /><break type="tab" />Drive monitor display<sup>*4</sup><break type="tab" /><xref type="P.page" refid="ch02se010405" srcfile="M02502togeenvhch02.xml#ch02se010405" /><break /><break type="tab" />Multi-information display<sup>*4</sup><break type="tab" /><xref type="P.page" refid="ch02se010406" srcfile="M02502togeenvhch02.xml#ch02se010406" /></callouttxt><callouttxt_sub column="full">Display<break type="tab" /><xref type="P.page" refid="ch02se010406" srcfile="M02502togeenvhch02.xml#ch02se010406" /></callouttxt_sub><callouttxt_sub column="full">When a warning message is displayed<sup>*3</sup><break type="tab" /><xref type="P.page" refid="ch08se020405" srcfile="M02502togeenvhch08.xml#ch08se020405" /></callouttxt_sub></calloutitem><calloutitem><callouttxt column="full"><symbol href="../common/step_e.eps" width="4.233mm" height="4.233mm" /><break type="tab" />Parking brake<sup>*4</sup><break type="tab" /><xref type="P.page" refid="ch04se020406" srcfile="M02502togeenvhch04.xml#ch04se020406" /></callouttxt><callouttxt_sub column="full">Applying/releasing<break type="tab" /><xref type="P.page" refid="ch04se020406" srcfile="M02502togeenvhch04.xml#ch04se020406" /></callouttxt_sub><callouttxt_sub column="full">Precautions for winter season<break type="tab" /><xref type="P.page" refid="ch04se0604010505" srcfile="M02502togeenvhch04.xml#ch04se0604010505" /></callouttxt_sub><callouttxt_sub column="full">Warning light/message<sup>*3</sup><break type="tab" /><xref refid="ch08se020404" srcfile="M02502togeenvhch08.xml#ch08se020404" />, <xref type="page only" refid="ch04se020406050206020802" srcfile="M02502togeenvhch04.xml#ch04se020406050206020802" /></callouttxt_sub></calloutitem><calloutitem><callouttxt column="full"><symbol href="../common/step_f.eps" width="4.233mm" height="4.233mm" /><break type="tab" />Turn signal lever<break type="tab" /><xref type="P.page" refid="ch04se020405" srcfile="M02502togeenvhch04.xml#ch04se020405" /><break /><break type="tab" />Headlight switch<break type="tab" /><xref type="P.page" refid="ch04se030401" srcfile="M02502togeenvhch04.xml#ch04se030401" /></callouttxt><callouttxt_sub column="full">Headlights/front position lights/tail lights/license plate lights/daytime running lights<break type="tab" /><xref type="P.page" refid="ch04se030401" srcfile="M02502togeenvhch04.xml#ch04se030401" /></callouttxt_sub><callouttxt_sub column="full">Front fog lights<sup>*4</sup>/rear fog light<sup>*4</sup><break type="tab" /><xref type="P.page" refid="ch04se030403" srcfile="M02502togeenvhch04.xml#ch04se030403" /></callouttxt_sub></calloutitem><calloutitem><callouttxt column="full"><symbol href="../common/step_g.eps" width="4.233mm" height="4.233mm" /><break type="tab" />Windshield wiper and washer switch<break type="tab" /><xref type="P.page" refid="ch04se030404" srcfile="M02502togeenvhch04.xml#ch04se030404" /></callouttxt><callouttxt_sub column="full">Usage<break type="tab" /><xref type="P.page" refid="ch04se030404" srcfile="M02502togeenvhch04.xml#ch04se030404" /></callouttxt_sub><callouttxt_sub column="full">Adding washer fluid<break type="tab" /><xref type="P.page" refid="ch07se0304040506" srcfile="M02502togeenvhch07.xml#ch07se0304040506" /></callouttxt_sub></calloutitem><calloutitem><callouttxt column="full"><symbol href="../common/step_h.eps" width="4.233mm" height="4.233mm" /><break type="tab" />Emergency flasher switch<break type="tab" /><xref type="P.page" refid="ch08se010401" srcfile="M02502togeenvhch08.xml#ch08se010401" /></callouttxt></calloutitem><calloutitem><callouttxt column="full"><symbol href="../common/step_i.eps" width="4.233mm" height="4.233mm" /><break type="tab" />Hood lock release lever<break type="tab" /><xref type="P.page" refid="ch07se030402" srcfile="M02502togeenvhch07.xml#ch07se030402" /></callouttxt></calloutitem><calloutitem><callouttxt column="full"><symbol href="../common/step_j.eps" width="4.233mm" height="4.233mm" /><break type="tab" />Tilt and telescopic steering lock release lever<break type="tab" /><xref type="P.page" refid="ch03se040401" srcfile="M02502togeenvhch03.xml#ch03se040401" /></callouttxt></calloutitem><calloutitem><callouttxt column="full"><symbol href="../common/step_k.eps" width="4.233mm" height="4.233mm" /><break type="tab" />Air conditioning system<break type="tab" /><xref type="P.page" refid="ch06se010401" srcfile="M02502togeenvhch06.xml#ch06se010401" />, <xref refid="ch06se010402" type="page only" srcfile="M02502togeenvhch06.xml#ch06se010402" /></callouttxt><callouttxt_sub column="full">Usage<break type="tab" /><xref type="P.page" refid="ch06se010401" srcfile="M02502togeenvhch06.xml#ch06se010401" />, <xref type="page only" refid="ch06se010402" srcfile="M02502togeenvhch06.xml#ch06se010402" /></callouttxt_sub><callouttxt_sub column="full">Rear window defogger<break type="tab" /><xref type="P.page" refid="ch06se01040105020608" srcfile="M02502togeenvhch06.xml#ch06se01040105020608" />, <xref type="page only" refid="ch06se01040205020608" srcfile="M02502togeenvhch06.xml#ch06se01040205020608" /></callouttxt_sub></calloutitem><calloutitem><callouttxt column="full"><symbol href="../common/step_l.eps" width="4.233mm" height="4.233mm" /><break type="tab" />Audio system<sup>*4, 5</sup><break type="tab" /><xref refid="ch05se010401" srcfile="M02502togeenvhch05.xml#ch05se010401" /></callouttxt></calloutitem></callout></fig><footnote type="other" num="1"><p column="full">Vehicles without a smart entry &amp; start system</p></footnote><footnote type="other" num="2"><p column="full">Vehicles with a smart entry &amp; start system</p></footnote><footnote type="other" num="3"><p column="full">Vehicles with a multi-information display</p></footnote><footnote type="other" num="4"><p column="full">If equipped</p></footnote><footnote type="other" num="5"><p column="full">Vehicles with navigation/multimedia system, refer to “Navigation and Multimedia System Owner’s Manual”.</p></footnote></body><subtitle>Switches (right-hand drive vehicles)</subtitle><body id="il010307"><fig column="full"><image id="il0103070501" href="../image/zzcvpiaj011a.eps" width="114.000mm" height="57.000mm" /><callout type="illust"><calloutitem><callouttxt column="full"><symbol href="../common/step_a.eps" width="4.233mm" height="4.233mm" /><break type="tab" />Tire pressure warning reset switch<sup>*</sup><break type="tab" /><xref type="P.page" refid="ch07se03040505060602" srcfile="M02502togeenvhch07.xml#ch07se03040505060602" /></callouttxt></calloutitem><calloutitem><callouttxt column="full"><symbol href="../common/step_b.eps" width="4.233mm" height="4.233mm" /><break type="tab" />Automatic High Beam switch<sup>*</sup><break type="tab" /><xref type="P.page" refid="ch04se030402" srcfile="M02502togeenvhch04.xml#ch04se030402" /></callouttxt></calloutitem><calloutitem><callouttxt column="full"><symbol href="../common/step_c.eps" width="4.233mm" height="4.233mm" /><break type="tab" />Headlight leveling dial<sup>*</sup><break type="tab" /><xref refid="ch04se0304010505" srcfile="M02502togeenvhch04.xml#ch04se0304010505" /></callouttxt></calloutitem><calloutitem><callouttxt column="full"><symbol href="../common/step_d.eps" width="4.233mm" height="4.233mm" /><break type="tab" />Outside rear view mirror switches<break type="tab" /><xref type="P.page" refid="ch03se040403" srcfile="M02502togeenvhch03.xml#ch03se040403" /></callouttxt></calloutitem><calloutitem><callouttxt column="full"><symbol href="../common/step_e.eps" width="4.233mm" height="4.233mm" /><break type="tab" />Door lock switches<break type="tab" /><xref type="P.page" refid="ch03se0204010502" srcfile="M02502togeenvhch03.xml#ch03se0204010502" /></callouttxt></calloutitem><calloutitem><callouttxt column="full"><symbol href="../common/step_f.eps" width="4.233mm" height="4.233mm" /><break type="tab" />Power window switches<break type="tab" /><xref type="P.page" refid="ch03se050401" srcfile="M02502togeenvhch03.xml#ch03se050401" /></callouttxt></calloutitem><calloutitem><callouttxt column="full"><symbol href="../common/step_g.eps" width="4.233mm" height="4.233mm" /><break type="tab" />Window lock switch<break type="tab" /><xref type="P.page" refid="ch03se0504010502" srcfile="M02502togeenvhch03.xml#ch03se0504010502" /></callouttxt></calloutitem></callout></fig><footnote type="other"><p column="full">If equipped</p></footnote><fig column="full"><image id="il0103070502" href="../image/zzcvpiaj017a.eps" width="114.000mm" height="76.000mm" /><callout type="illust"><calloutitem><callouttxt column="full"><symbol href="../common/step_a.eps" width="4.233mm" height="4.233mm" /><break type="tab" />Meter control switches<break type="tab" /><xref refid="ch02se0104060503" srcfile="M02502togeenvhch02.xml#ch02se0104060503" /></callouttxt></calloutitem><calloutitem><callouttxt column="full"><symbol href="../common/step_b.eps" width="4.233mm" height="4.233mm" /><break type="tab" />Paddle shift switches<sup>*1</sup><break type="tab" /><xref type="P.page" refid="ch04se0204030505" srcfile="M02502togeenvhch04.xml#ch04se0204030505" /></callouttxt></calloutitem><calloutitem><callouttxt column="full"><symbol href="../common/step_c.eps" width="4.233mm" height="4.233mm" /><break type="tab" />Vehicle-to-vehicle distance switch<sup>*1</sup><break type="tab" /><xref refid="ch04se0504060506" srcfile="M02502togeenvhch04.xml#ch04se0504060506" /></callouttxt></calloutitem><calloutitem><callouttxt column="full"><symbol href="../common/step_d.eps" width="4.233mm" height="4.233mm" /><break type="tab" />Cruise control switches<sup>*1</sup></callouttxt><callouttxt_sub column="full">Dynamic radar cruise control with full-speed range<sup>*1</sup><break type="tab" /><xref type="P.page" refid="ch04se050405" srcfile="M02502togeenvhch04.xml#ch04se050405" /></callouttxt_sub><callouttxt_sub column="full">Dynamic radar cruise control<sup>*1</sup><break type="tab" /><xref type="P.page" refid="ch04se0504060505" srcfile="M02502togeenvhch04.xml#ch04se0504060505" /></callouttxt_sub><callouttxt_sub column="full">Cruise control<sup>*1</sup><break type="tab" /><xref type="P.page" refid="ch04se050407" srcfile="M02502togeenvhch04.xml#ch04se050407" /></callouttxt_sub></calloutitem><calloutitem><callouttxt column="full"><symbol href="../common/step_e.eps" width="4.233mm" height="4.233mm" /><break type="tab" />Audio remote control switches<sup>*2</sup><break type="tab" /><xref refid="ch05se010402" srcfile="M02502togeenvhch05.xml#ch05se010402" /></callouttxt></calloutitem><calloutitem><callouttxt column="full"><symbol href="../common/step_f.eps" width="4.233mm" height="4.233mm" /><break type="tab" />LTA (Lane Tracing Assist) switch<sup>*1</sup><break type="tab" /><xref type="P.page" refid="ch04se050403" srcfile="M02502togeenvhch04.xml#ch04se050403" /><break /><break type="tab" />LDA (Lane Departure Alert with steering control) switch<sup>*1</sup><break type="tab" /><xref type="P.page" refid="ch04se050404" srcfile="M02502togeenvhch04.xml#ch04se050404" /></callouttxt></calloutitem><calloutitem><callouttxt column="full"><symbol href="../common/step_g.eps" width="4.233mm" height="4.233mm" /><break type="tab" />Phone switch<sup>*2</sup><break type="tab" /><xref refid="ch05se060402" srcfile="M02502togeenvhch05.xml#ch05se060402" /></callouttxt></calloutitem><calloutitem><callouttxt column="full"><symbol href="../common/step_h.eps" width="4.233mm" height="4.233mm" /><break type="tab" />Talk switch<sup>*1, 2</sup><break type="tab" /><xref refid="ch05se060402" srcfile="M02502togeenvhch05.xml#ch05se060402" /></callouttxt></calloutitem><calloutitem><callouttxt><symbol href="../common/step_i.eps" width="4.233mm" height="4.233mm" /><break type="tab" />“DISP” switch<break type="tab" /><xref refid="ch02se0104050503" srcfile="M02502togeenvhch02.xml#ch02se0104050503" /></callouttxt></calloutitem></callout></fig><footnote type="other" num="1" id="il0103070401"><p column="full">If equipped</p></footnote><footnote type="other" num="2"><p column="full">Vehicles with navigation/multimedia system, refer to “Navigation and Multimedia System Owner’s Manual”.</p></footnote><fig column="full"><image id="il0103070503" href="../image/zzcvpiaj012a.eps" width="114.000mm" height="57.000mm" /><callout type="illust"><calloutitem><callouttxt column="full"><symbol href="../common/step_a.eps" width="4.233mm" height="4.233mm" /><break type="tab" />Wireless charger switch<sup>*</sup><break type="tab" /><xref refid="ch06se0404010503" srcfile="M02502togeenvhch06.xml#ch06se0404010503" /></callouttxt></calloutitem><calloutitem><callouttxt column="full"><symbol href="../common/step_b.eps" width="4.233mm" height="4.233mm" /><break type="tab" />Sport mode switch<sup>*</sup><break type="tab" /><xref refid="ch04se050411" srcfile="M02502togeenvhch04.xml#ch04se050411" /></callouttxt></calloutitem><calloutitem><callouttxt column="full"><symbol href="../common/step_c.eps" width="4.233mm" height="4.233mm" /><break type="tab" />VSC OFF switch<break type="tab" /><xref refid="ch04se050412050206100802" srcfile="M02502togeenvhch04.xml#ch04se050412050206100802" /></callouttxt></calloutitem><calloutitem><callouttxt column="full"><symbol href="../common/step_d.eps" width="4.233mm" height="4.233mm" /><break type="tab" />Parking brake switch<sup>*</sup><break type="tab" /><xref refid="ch04se020407" srcfile="M02502togeenvhch04.xml#ch04se020407" /></callouttxt><callouttxt_sub column="full">Precautions for winter season<break type="tab" /><xref type="P.page" refid="ch04se0604010505" srcfile="M02502togeenvhch04.xml#ch04se0604010505" /></callouttxt_sub></calloutitem><calloutitem><callouttxt column="full"><symbol href="../common/step_e.eps" width="4.233mm" height="4.233mm" /><break type="tab" />Brake hold switch<sup>*</sup><break type="tab" /><xref refid="ch04se020408" srcfile="M02502togeenvhch04.xml#ch04se020408" /></callouttxt></calloutitem></callout></fig><footnote type="other"><p column="full">If equipped</p></footnote></body><subtitle>Interior (right-hand drive vehicles)</subtitle><body id="il010308"><fig column="full"><image id="il0103080501" href="../image/zzcvpiaj015a.eps" width="114.000mm" height="76.000mm" /><callout type="illust"><calloutitem><callouttxt column="full"><symbol href="../common/step_a.eps" width="4.233mm" height="4.233mm" /><break type="tab" />SRS airbags<break type="tab" /><xref type="P.page" refid="ch01se010404" srcfile="M02502togeenvhch01.xml#ch01se010404" /></callouttxt></calloutitem><calloutitem><callouttxt column="full"><symbol href="../common/step_b.eps" width="4.233mm" height="4.233mm" /><break type="tab" />Floor mats<break type="tab" /><xref type="P.page" refid="ch01se010401" srcfile="M02502togeenvhch01.xml#ch01se010401" /></callouttxt></calloutitem><calloutitem><callouttxt column="full"><symbol href="../common/step_c.eps" width="4.233mm" height="4.233mm" /><break type="tab" />Front seats<break type="tab" /><xref type="P.page" refid="ch03se030401" srcfile="M02502togeenvhch03.xml#ch03se030401" /></callouttxt></calloutitem><calloutitem><callouttxt column="full"><symbol href="../common/step_d.eps" width="4.233mm" height="4.233mm" /><break type="tab" />Head restraints<break type="tab" /><xref type="P.page" refid="ch03se030403" srcfile="M02502togeenvhch03.xml#ch03se030403" /></callouttxt></calloutitem><calloutitem><callouttxt column="full"><symbol href="../common/step_e.eps" width="4.233mm" height="4.233mm" /><break type="tab" />Seat belts<break type="tab" /><xref type="P.page" refid="ch01se010403" srcfile="M02502togeenvhch01.xml#ch01se010403" /></callouttxt></calloutitem><calloutitem><callouttxt column="full"><symbol href="../common/step_f.eps" width="4.233mm" height="4.233mm" /><break type="tab" />Console box<break type="tab" /><xref type="P.page" refid="ch06se0304010505" srcfile="M02502togeenvhch06.xml#ch06se0304010505" /></callouttxt></calloutitem><calloutitem><callouttxt column="full"><symbol href="../common/step_g.eps" width="4.233mm" height="4.233mm" /><break type="tab" />Inside lock buttons<break type="tab" /><xref type="P.page" refid="ch03se02040105020602" srcfile="M02502togeenvhch03.xml#ch03se02040105020602" /></callouttxt></calloutitem><calloutitem><callouttxt column="full"><symbol href="../common/step_h.eps" width="4.233mm" height="4.233mm" /><break type="tab" />Cup holders<break type="tab" /><xref type="P.page" refid="ch06se0304010503" srcfile="M02502togeenvhch06.xml#ch06se0304010503" /></callouttxt></calloutitem><calloutitem><callouttxt column="full"><symbol href="../common/step_i.eps" width="4.233mm" height="4.233mm" /><break type="tab" />Rear seats<break type="tab" /><xref refid="ch03se030402" srcfile="M02502togeenvhch03.xml#ch03se030402" /></callouttxt></calloutitem></callout></fig></body><subtitle>Ceiling (right-hand drive vehicles)</subtitle><body id="il010309"><fig column="full"><image id="il0103090501" href="../image/zzcvpiaj016a.eps" width="114.000mm" height="38.000mm" /><callout type="illust"><calloutitem><callouttxt column="full"><symbol href="../common/step_a.eps" width="4.233mm" height="4.233mm" /><break type="tab" />Inside rear view mirror<break type="tab" /><xref type="P.page" refid="ch03se040402" srcfile="M02502togeenvhch03.xml#ch03se040402" /></callouttxt></calloutitem><calloutitem><callouttxt column="full"><symbol href="../common/step_b.eps" width="4.233mm" height="4.233mm" /><break type="tab" />Sun visors<sup>*1</sup><break type="tab" /><xref refid="ch06se0404010504" srcfile="M02502togeenvhch06.xml#ch06se0404010504" /></callouttxt></calloutitem><calloutitem><callouttxt column="full"><symbol href="../common/step_c.eps" width="4.233mm" height="4.233mm" /><break type="tab" />Vanity mirrors<break type="tab" /><xref refid="ch06se0404010505" srcfile="M02502togeenvhch06.xml#ch06se0404010505" /></callouttxt></calloutitem><calloutitem><callouttxt column="full"><symbol href="../common/step_d.eps" width="4.233mm" height="4.233mm" /><break type="tab" />Vanity lights<sup>*2</sup><break type="tab" /><xref refid="ch06se0404010505" srcfile="M02502togeenvhch06.xml#ch06se0404010505" /></callouttxt></calloutitem><calloutitem><callouttxt column="full"><symbol href="../common/step_e.eps" width="4.233mm" height="4.233mm" /><break type="tab" />Front personal lights<break type="tab" /><xref type="P.page" refid="ch06se0204010503" srcfile="M02502togeenvhch06.xml#ch06se0204010503" /></callouttxt></calloutitem><calloutitem><callouttxt column="full"><symbol href="../common/step_f.eps" width="4.233mm" height="4.233mm" /><break type="tab" />Intrusion sensor cancel switch<sup>*2</sup><break type="tab" /><xref refid="ch01se03040205030603" srcfile="M02502togeenvhch01.xml#ch01se03040205030603" /></callouttxt></calloutitem><calloutitem><callouttxt column="full"><symbol href="../common/step_g.eps" width="4.233mm" height="4.233mm" /><break type="tab" />Assist grips<break type="tab" /><xref type="P.page" refid="ch06se0404010508" srcfile="M02502togeenvhch06.xml#ch06se0404010508" /></callouttxt></calloutitem></callout></fig><footnote type="other" num="1"><p column="full">NEVER use a rearward facing child restraint on a seat protected by an ACTIVE AIRBAG in front of it, DEATH or SERIOUS INJURY to the CHILD can occur. (&rarr;<xref type="P.page" refid="ch01se02040305040603" srcfile="M02502togeenvhch01.xml#ch01se02040305040603" />)</p></footnote><fig column="full"><image id="il0103090502" href="../image/zzcvpiaa030a.eps" border="0" width="56.000mm" height="38.000mm" /></fig><footnote type="other" num="2"><p column="full">If equipped</p></footnote></body></illusttoc></book></toyota_om_vh_ge_en>