﻿<?xml version="1.0" encoding="UTF-8"?>
<!DOCTYPE toyota_om_vh_ge_en SYSTEM "toyota_om_vh_ge_en.dtd" []>
<toyota_om_vh_ge_en><book dev_code="351b" pubname="COROLLA_TMT_GE" drive_train="ff" brand="to" scale="major" pubno="M02502" period_from="201908" body_type="sedan" model="ZRE210_MZEA12L" lang="en" revision="00" vehicle_code="718w" om_style="16style" lo_date="201908" identify_code="x-xx" id="M02502togeenvh" manualtype="vh" period_to="999999" publish_date="201908" production="cmc" vehicle_type="conventional" destination="ge"><appendix id="ax01" column="full" publish_em="no"><titlegroup width="4.646in"><titlegroupbody><titlegrouprow><titlegroupcell><title>GAS STATION INFORMATION</title></titlegroupcell></titlegrouprow></titlegroupbody></titlegroup><body id="ax010301"><para column="full"><paratable width="4.646in"><paratablebody><paratablerow><paratablecell><para_fig><image id="ax0103011001" href="../image/zzcvpiaj018a.eps" width="110.000mm" height="57.000mm" /><para_callout type="illust"><calloutitem><callouttxt column="full"><symbol href="../common/step_a.eps" width="4.233mm" height="4.233mm" /><break type="tab" />Auxiliary catch lever (&rarr;<xref refid="ch07se030402" type="P.page" srcfile="M02502togeenvhch07.xml#ch07se030402" />)</callouttxt></calloutitem><calloutitem><callouttxt column="full"><symbol href="../common/step_b.eps" width="4.233mm" height="4.233mm" /><break type="tab" />Hood lock release lever (&rarr;<xref refid="ch07se030402" type="P.page" srcfile="M02502togeenvhch07.xml#ch07se030402" />)</callouttxt></calloutitem><calloutitem><callouttxt column="full"><symbol href="../common/step_c.eps" width="4.233mm" height="4.233mm" /><break type="tab" />Fuel filler door (&rarr;<xref refid="ch04se0404010503" type="P.page" srcfile="M02502togeenvhch04.xml#ch04se0404010503" />)</callouttxt></calloutitem><calloutitem><callouttxt column="full"><symbol href="../common/step_d.eps" width="4.233mm" height="4.233mm" /><break type="tab" />Trunk opener (&rarr;<xref refid="ch03se0204020503" type="P.page" srcfile="M02502togeenvhch03.xml#ch03se0204020503" />)</callouttxt></calloutitem><calloutitem><callouttxt column="full"><symbol href="../common/step_e.eps" width="4.233mm" height="4.233mm" /><break type="tab" />Fuel filler door opener (&rarr;<xref refid="ch04se0404010503" type="P.page" srcfile="M02502togeenvhch04.xml#ch04se0404010503" />)</callouttxt></calloutitem><calloutitem><callouttxt column="full"><symbol href="../common/step_f.eps" width="4.233mm" height="4.233mm" /><break type="tab" />Tire inflation pressure (&rarr;<xref refid="ch09se0104010516" type="P.page" srcfile="M02502togeenvhch09.xml#ch09se0104010516" />)</callouttxt></calloutitem></para_callout></para_fig></paratablecell></paratablerow></paratablebody></paratable></para><table colsep="0" rowsep="1" frame="topbot" column="full"><tgroup cols="3"><colspec colname="1" colwidth="33mm" colnum="1" /><colspec colname="2" colwidth="70mm" colnum="2" /><colspec colname="3" colwidth="15mm" colnum="3" /><tbody><row><entry colname="1" backgroundcolor="colorA" border-right="1" align="left"><p>Fuel tank capacity (Reference)</p></entry><entry colname="2" border-right="0" namest="2" nameend="3" border-left="1" align="left"><p column="full">50.0 L (13.2 gal., 11.0 Imp. gal.)</p></entry></row><row><entry colname="1" backgroundcolor="colorA" border-right="1" align="left"><p>Fuel type</p></entry><entry colname="2" border-right="0" border-left="1" align="left"><p /></entry><entry colname="3" border-left="0" align="right"><p><xref type="P.page" refid="ch09se0104010504" srcfile="M02502togeenvhch09.xml#ch09se0104010504" /></p><p><xref type="P.page" refid="ch09se010402" srcfile="M02502togeenvhch09.xml#ch09se010402" /></p></entry></row><row><entry colname="1" backgroundcolor="colorA" border-right="1" align="left"><p>Cold tire inflation pressure</p></entry><entry colname="2" border-right="0" border-left="1"><p /></entry><entry colname="3" border-left="0" align="right"><p><xref refid="ch09se0104010516" type="P.page" srcfile="M02502togeenvhch09.xml#ch09se0104010516" /></p></entry></row><row><entry colname="1" backgroundcolor="colorA" border-right="1" align="left"><p>Engine oil capacity (Drain and refill &mdash; reference)</p></entry><entry colname="2" border-right="0" border-left="1"><p /></entry><entry colname="3" border-left="0" align="right"><p><xref type="P.page" refid="ch09se0104010505" srcfile="M02502togeenvhch09.xml#ch09se0104010505" /></p><p><xref type="P.page" refid="ch09se0104010506" srcfile="M02502togeenvhch09.xml#ch09se0104010506" /></p><p><xref type="P.page" refid="ch09se0104010507" srcfile="M02502togeenvhch09.xml#ch09se0104010507" /></p></entry></row><row><entry colname="1" backgroundcolor="colorA" border-right="1" align="left"><p>Engine oil type</p></entry><entry colname="2" border-right="0" border-left="1" align="left"><p>“Toyota Genuine Motor Oil” or equivalent</p></entry><entry colname="3" border-left="0" align="right"><p><xref type="P.page" refid="ch09se0104010505" srcfile="M02502togeenvhch09.xml#ch09se0104010505" /></p><p><xref type="P.page" refid="ch09se0104010506" srcfile="M02502togeenvhch09.xml#ch09se0104010506" /></p><p><xref type="P.page" refid="ch09se0104010507" srcfile="M02502togeenvhch09.xml#ch09se0104010507" /></p></entry></row></tbody></tgroup></table></body></appendix></book></toyota_om_vh_ge_en>