﻿<?xml version="1.0" encoding="UTF-8"?>
<!DOCTYPE toyota_om_vh_ge_en SYSTEM "toyota_om_vh_ge_en.dtd" []>
<toyota_om_vh_ge_en><book dev_code="351b" pubname="COROLLA_TMT_GE" drive_train="ff" brand="to" scale="major" pubno="M02502" period_from="201908" body_type="sedan" model="ZRE210_MZEA12L" lang="en" revision="00" vehicle_code="718w" om_style="16style" lo_date="201908" identify_code="x-xx" id="M02502togeenvh" manualtype="vh" period_to="999999" publish_date="201908" production="cmc" vehicle_type="conventional" destination="ge"><intro id="in02"><titlegroup><titlegroupbody><titlegrouprow><titlegroupcell><title>Reading this manual</title></titlegroupcell></titlegrouprow></titlegroupbody></titlegroup><body id="in020301"><para><paratable><paratablebody><paratablerow><paratablecell><paratabletxt>Explains symbols used in this manual.</paratabletxt></paratablecell></paratablerow></paratablebody></paratable></para></body><introsub id="in020302"><titlegroup><titlegroupbody><titlegrouprow><titlegroupcell><title>Symbols in this manual</title></titlegroupcell></titlegrouprow></titlegroupbody></titlegroup><body id="in0203020401"><table colsep="1" rowsep="1" frame="all" column="col"><tgroup cols="2"><colspec colname="1" colwidth="22mm" colnum="1" /><colspec colname="2" colwidth="34.5mm" colnum="2" /><thead><row><entry align="center" colname="1"><p>Symbols</p></entry><entry colname="2"><p>Meanings</p></entry></row></thead><tbody><row><entry colname="1" align="center"><tbl_fig><image id="in02030204011101" href="../image/zzcv99ac073a.eps" border="0" width="12.347mm" height="12.347mm" /></tbl_fig></entry><entry colname="2" align="left"><p>WARNING:</p><p>Explains something that, if not obeyed, could cause death or serious injury to people.</p></entry></row><row><entry colname="1" align="center"><tbl_fig><image id="in02030204011102" href="../image/zzcv99ac040a.eps" border="0" width="12.347mm" height="12.347mm" /></tbl_fig></entry><entry colname="2" align="left"><p>NOTICE:</p><p>Explains something that, if not obeyed, could cause damage to or a malfunction in the vehicle or its equipment.</p></entry></row><row><entry colname="1" align="center"><tbl_fig><image id="in02030204011103" href="../image/zzcv99ac041a.eps" border="0" width="12.347mm" height="12.347mm" /></tbl_fig></entry><entry colname="2" align="left"><p>Indicates operating or working procedures. Follow the steps in numerical order.</p></entry></row></tbody></tgroup></table></body></introsub><introsub id="in020303"><titlegroup><titlegroupbody><titlegrouprow><titlegroupcell><title>Symbols in illustrations</title></titlegroupcell></titlegrouprow></titlegroupbody></titlegroup><body id="in0203030401"><fig><image id="in02030304010601" href="../image/zzcv01aj004a.eps" width="56.000mm" height="38.000mm" /></fig><table colsep="1" rowsep="1" frame="all" column="col"><tgroup cols="2"><colspec colname="1" colwidth="22mm" colnum="1" /><colspec colname="2" colwidth="34.5mm" colnum="2" /><thead><row><entry align="center" colname="1"><p>Symbols</p></entry><entry colname="2"><p>Meanings</p></entry></row></thead><tbody><row><entry colname="1" align="center"><tbl_fig><image id="in02030304011101" href="../image/zzcv99ac042a.eps" border="0" width="12.347mm" height="12.347mm" /></tbl_fig></entry><entry colname="2" align="left"><p>Indicates the action (pushing, turning, etc.) used to operate switches and other devices.</p></entry></row><row><entry colname="1" align="center"><tbl_fig><image id="in02030304011102" href="../image/zzcv99ac043a.eps" border="0" width="12.347mm" height="12.347mm" /></tbl_fig></entry><entry colname="2" align="left"><p>Indicates the outcome of an operation (e.g. a lid opens).</p></entry></row></tbody></tgroup></table><fig><image id="in02030304010602" href="../image/zzcvpiaj019a.eps" width="56.000mm" height="38.000mm" /></fig><table colsep="1" rowsep="1" frame="all" column="col"><tgroup cols="2"><colspec colname="1" colwidth="22mm" colnum="1" /><colspec colname="2" colwidth="34.5mm" colnum="2" /><thead><row><entry align="center" colname="1"><p>Symbols</p></entry><entry colname="2"><p>Meanings</p></entry></row></thead><tbody><row><entry colname="1" align="center"><tbl_fig><image id="in02030304011103" href="../image/zzcv99ac046a.eps" border="0" width="12.347mm" height="12.347mm" /></tbl_fig></entry><entry colname="2" align="left"><p>Indicates the component or position being explained.</p></entry></row><row><entry colname="1" align="center"><tbl_fig><image id="in02030304011104" href="../image/zzcv99ac044a.eps" border="0" width="12.347mm" height="12.347mm" /></tbl_fig></entry><entry colname="2" align="left"><p>Means <b>Do not</b>, <b>Do not do this</b>, or <b>Do not let this happen</b>.</p></entry></row></tbody></tgroup></table></body></introsub></intro></book></toyota_om_vh_ge_en>