﻿<?xml version="1.0" encoding="UTF-8"?>
<!DOCTYPE toyota_om_vh_ge_en SYSTEM "toyota_om_vh_ge_en.dtd" []>
<toyota_om_vh_ge_en><book dev_code="351b" pubname="COROLLA_TMT_GE" drive_train="ff" brand="to" scale="major" pubno="M02502" period_from="201908" body_type="sedan" model="ZRE210_MZEA12L" lang="en" revision="00" vehicle_code="718w" om_style="16style" lo_date="201908" identify_code="x-xx" id="M02502togeenvh" manualtype="vh" period_to="999999" publish_date="201908" production="cmc" vehicle_type="conventional" destination="ge"><intro id="in01"><titlegroup><titlegroupbody><titlegrouprow><titlegroupcell><title>For your information</title></titlegroupcell></titlegrouprow></titlegroupbody></titlegroup><introsub id="in010301"><titlegroup><titlegroupbody><titlegrouprow><titlegroupcell><title>Main Owner’s Manual</title></titlegroupcell></titlegrouprow></titlegroupbody></titlegroup><body id="in0103010401"><p>Please note that this manual applies to all models and explains all equipment, including options. Therefore, you may find some explanations for equipment not installed on your vehicle. </p><p>All specifications provided in this manual are current at the time of printing. However, because of the Toyota policy of continual product improvement, we reserve the right to make changes at any time without notice.</p><p>Depending on specifications, the vehicle shown in the illustrations may differ from your vehicle in terms of equipment.</p></body></introsub><introsub id="in010302"><titlegroup><titlegroupbody><titlegrouprow><titlegroupcell><title>Accessories, spare parts and modification of your Toyota</title></titlegroupcell></titlegrouprow></titlegroupbody></titlegroup><body id="in0103020401"><p>A wide variety of non-genuine spare parts and accessories for Toyota vehicles are currently available in the market. Using these spare parts and accessories which are not genuine Toyota products may adversely affect the safety of your vehicle, even though these parts may be approved by certain authorities in your country. Toyota Motor Corporation therefore cannot accept any liability or guarantee spare parts and accessories which are not genuine Toyota products, nor for replacement or installation involving such parts.</p><p>This vehicle should not be modified with non-genuine Toyota products. Modification with non-genuine Toyota products could affect its performance, safety or durability, and may even violate governmental regulations. In addition, damage or performance problems resulting from the modification may not be covered under warranty.</p></body></introsub><introsub id="in010303"><titlegroup><titlegroupbody><titlegrouprow><titlegroupcell><title>Installation of an RF-transmitter system</title></titlegroupcell></titlegrouprow></titlegroupbody></titlegroup><body id="in0103030401"><p>The installation of an RF-transmitter system in your vehicle could affect electronic systems such as:</p><list1 type="bull"><list1_item><itemtxt>Multiport fuel injection system/sequential multiport fuel injection system</itemtxt></list1_item><list1_item><itemtxt>Toyota Safety Sense (if equipped)</itemtxt></list1_item><list1_item><itemtxt>Cruise control system (if equipped)</itemtxt></list1_item><list1_item><itemtxt>Anti-lock brake system</itemtxt></list1_item><list1_item><itemtxt>SRS airbag system</itemtxt></list1_item><list1_item><itemtxt>Seat belt pretensioner system</itemtxt></list1_item></list1><p>Be sure to check with your Toyota dealer for precautionary measures or special instructions regarding installation of an RF-transmitter system.</p><p>Further information regarding frequency bands, power levels, antenna positions and installation provisions for the installation of RF-transmitters, is available on request at your Toyota dealer.</p></body></introsub><introsub id="in010304"><titlegroup><titlegroupbody><titlegrouprow><titlegroupcell><title><indexmarker marker="Vehicle data recording" />Vehicle data recording</title></titlegroupcell></titlegrouprow></titlegroupbody></titlegroup><body id="in0103040401"><p>The vehicle is equipped with sophisticated computers that will record certain data, such as:</p><p>The recorded data varies according to the vehicle grade level and options with which it is equipped.</p><p>These computers do not record conversations or sounds, and only record images outside of the vehicle in certain situations.</p><list1 type="dot"><list1_item><itemtxt>Engine speed/Electric motor speed (traction motor speed)</itemtxt></list1_item><list1_item><itemtxt>Accelerator status</itemtxt></list1_item><list1_item><itemtxt>Brake status</itemtxt></list1_item><list1_item><itemtxt>Vehicle speed</itemtxt></list1_item><list1_item><itemtxt>Operation status of the driving assist systems, such as the ABS and pre-collision system</itemtxt></list1_item></list1><list1 type="bull"><list1_item><itemtxt>Data usage</itemtxt><itemtxt_sub>Toyota may use the data recorded in this computer to diagnose malfunctions, conduct research and development, and improve quality.</itemtxt_sub><itemtxt_sub>Toyota will not disclose the recorded data to a third party except:</itemtxt_sub><list2 type="dot"><list2_item><itemtxt>With the consent of the vehicle owner or with the consent of the lessee if the vehicle is leased</itemtxt></list2_item><list2_item><itemtxt>In response to an official request by the police, a court of law or a government agency</itemtxt></list2_item><list2_item><itemtxt>For use by Toyota in a lawsuit</itemtxt></list2_item><list2_item><itemtxt>For research purposes where the data is not tied to a specific vehicle or vehicle owner</itemtxt></list2_item></list2></list1_item></list1></body></introsub><introsub id="in010305"><titlegroup><titlegroupbody><titlegrouprow><titlegroupcell><title><indexmarker marker="Event data recorder (EDR)" /><indexmarker marker="EDR (Event data recorder)" />Event data recorder</title></titlegroupcell></titlegrouprow></titlegroupbody></titlegroup><body id="in0103050401"><p>This vehicle is equipped with an event data recorder (EDR). The main purpose of an EDR is to record, in certain crash or near crash-like situations, such as an airbag deployment or hitting a road obstacle, data that will assist in understanding how a vehicle’s systems performed. The EDR is designed to record data related to vehicle dynamics and safety systems for a short period of time, typically 30 seconds or less. However, data may not be recorded depending on the severity and type of a crash.</p><p>The EDR in this vehicle is designed to record such data as:</p><list1 type="dot"><list1_item><itemtxt>How various systems in your vehicle were operating;</itemtxt></list1_item><list1_item><itemtxt>How far (if at all) the driver was depressing the accelerator and/or brake pedal; and,</itemtxt></list1_item><list1_item><itemtxt>How fast the vehicle was traveling.</itemtxt></list1_item></list1><p>These data can help provide a better understanding of the circumstances in which crashes and injuries occur.</p><p>NOTE: EDR data are recorded by your vehicle only if a nontrivial crash situation occurs; no data are recorded by the EDR under normal driving conditions and no personal data (e.g., name, gender, age, and crash location) are recorded. However, other parties, such as law enforcement, could combine the EDR data with the type of personally identifying data routinely acquired during a crash investigation.<break />To read data recorded by an EDR, special equipment is required, and access to the vehicle or the EDR is needed. In addition to the vehicle manufacturer, other parties, such as law enforcement, that have the special equipment, can read the information if they have access to the vehicle or the EDR.</p><list1 type="bull"><list1_item><itemtxt>Disclosure of the EDR data</itemtxt><itemtxt_sub>Toyota will not disclose the data recorded in an EDR to a third party except when:</itemtxt_sub><list2 type="dot"><list2_item><itemtxt>An agreement from the vehicle’s owner (or the lessee for a leased vehicle) is obtained</itemtxt></list2_item><list2_item><itemtxt>In response to an official request by the police, a court of law or a government agency</itemtxt></list2_item><list2_item><itemtxt>For use by Toyota in a lawsuit</itemtxt></list2_item></list2><itemtxt_sub>However, if necessary, Toyota may:</itemtxt_sub><list2 type="dot"><list2_item><itemtxt>Use the data for research on vehicle safety performance</itemtxt></list2_item><list2_item><itemtxt>Disclose the data to a third party for research purposes without disclosing information about the specific vehicle or vehicle owner</itemtxt></list2_item></list2></list1_item></list1></body></introsub><introsub id="in010306"><titlegroup><titlegroupbody><titlegrouprow><titlegroupcell><title>Scrapping of your Toyota</title></titlegroupcell></titlegrouprow></titlegroupbody></titlegroup><body id="in0103060401"><p>The SRS airbag and seat belt pretensioner devices in your Toyota contain explosive chemicals. If the vehicle is scrapped with the airbags and seat belt pretensioners left as they are, this may cause an accident such as fire. Be sure to have the systems of the SRS airbag and seat belt pretensioner removed and disposed of by a qualified service shop or by your Toyota dealer before you scrap your vehicle.</p></body></introsub><body id="in010307"><attention type="warning" id="in0103070401"><attentiontbl><attentiontbl_body><attentiontbl_body_row><attention_body><attention_mark /></attention_body></attentiontbl_body_row><attentiontbl_body_row><attention_body><attention_para id="in01030704010901"><title>General precautions while driving</title><p>Driving under the influence: Never drive your vehicle when under the influence of alcohol or drugs that have impaired your ability to operate your vehicle. Alcohol and certain drugs delay reaction time, impair judgment and reduce coordination, which could lead to an accident that could result in death or serious injury.</p><p>Defensive driving: Always drive defensively. Anticipate mistakes that other drivers or pedestrians might make and be ready to avoid accidents.</p><p>Driver distraction: Always give your full attention to driving. Anything that distracts the driver, such as adjusting controls, talking on a cellular phone or reading can result in a collision with resulting death or serious injury to you, your occupants or others.</p></attention_para></attention_body></attentiontbl_body_row><attentiontbl_body_row><attention_body><attention_para id="in01030704010902"><title>General precaution regarding children’s safety</title><p>Never leave children unattended in the vehicle, and never allow children to have or use the key.</p><p>Children may be able to start the vehicle or shift the vehicle into neutral. There is also a danger that children may injure themselves by playing with the windows, the moon roof, or other features of the vehicle. In addition, heat build-up or extremely cold temperatures inside the vehicle can be fatal to children.</p></attention_para></attention_body></attentiontbl_body_row></attentiontbl_body></attentiontbl></attention></body></intro></book></toyota_om_vh_ge_en>