﻿<?xml version="1.0" encoding="UTF-8"?>
<!DOCTYPE toyota_om_vh_ge_en SYSTEM "toyota_om_vh_ge_en.dtd" []>
<toyota_om_vh_ge_en><book dev_code="351b" pubname="COROLLA_TMT_GE" drive_train="ff" brand="to" scale="major" pubno="M02502" period_from="201908" body_type="sedan" model="ZRE210_MZEA12L" lang="en" revision="00" vehicle_code="718w" om_style="16style" lo_date="201908" identify_code="x-xx" id="M02502togeenvh" manualtype="vh" period_to="999999" publish_date="201908" production="cmc" vehicle_type="conventional" destination="ge"><chapter id="ch06" chaptype="chapter" chapnum="06"><title>Interior features</title><section id="ch06se01"><title>Using the air conditioning system and defogger</title><subsection_operation id="ch06se010401" column="full"><titlegroup width="4.646in"><titlegroupbody><titlegrouprow><titlegroupcell><title><indexmarker marker="Heaters:Manual air conditioning system" /><indexmarker marker="Air conditioning system:Manual air conditioning system" /><indexmarker marker="Manual air conditioning system" /><indexmarker marker="A/C:Manual air conditioning system" /><indexmarker marker="Heaters:Heater system" />Manual air conditioning system<sup>*</sup></title></titlegroupcell></titlegrouprow></titlegroupbody></titlegroup><overview id="ch06se0104010501"><footnote type="other"><p>If equipped</p></footnote></overview><topic_function_basic id="ch06se0104010502" column="full"><titlegroup width="4.606in"><titlegroupbody><titlegrouprow><titlegroupcell><title column="full">Air conditioning controls</title></titlegroupcell></titlegrouprow></titlegroupbody></titlegroup><basic_operation id="ch06se01040105020601"><p column="full">The illustrations below are for left-hand drive vehicles.<break />The button positions and shapes will differ for right-hand drive vehicles.<break />The display and button positions will differ depending on the type of the system.</p><paraselect><paraselectitem><title column="full">Vehicles without the “A/C” switch</title><fig column="full"><image href="../image/zzcv06aj011a.eps" id="ch06se010401050206011001" width="114.000mm" height="38.000mm" /><callout type="illust"><calloutitem><callouttxt column="full"><symbol href="../common/step_a.eps" width="4.233mm" height="4.233mm" /><break type="tab" />Temperature control switch</callouttxt></calloutitem><calloutitem><callouttxt column="full"><symbol href="../common/step_b.eps" width="4.233mm" height="4.233mm" /><break type="tab" />Fan speed control switch</callouttxt></calloutitem><calloutitem><callouttxt column="full"><symbol href="../common/step_c.eps" width="4.233mm" height="4.233mm" /><break type="tab" />Airflow mode control switch</callouttxt></calloutitem><calloutitem><callouttxt column="full"><symbol href="../common/step_d.eps" width="4.233mm" height="4.233mm" /><break type="tab" />Rear window defogger switch</callouttxt></calloutitem><calloutitem><callouttxt column="full"><symbol href="../common/step_e.eps" width="4.233mm" height="4.233mm" /><break type="tab" />Outside/recirculated air mode switch</callouttxt></calloutitem></callout></fig></paraselectitem><paraselectitem><title column="full">Vehicles with the “A/C” switch</title><fig><image id="ch06se010401050206011002" href="../image/zzcv06aj012a.eps" width="114.000mm" height="38.000mm" /><callout type="illust"><calloutitem><callouttxt column="full"><symbol href="../common/step_a.eps" width="4.233mm" height="4.233mm" /><break type="tab" />Temperature control switch</callouttxt></calloutitem><calloutitem><callouttxt column="full"><symbol href="../common/step_b.eps" width="4.233mm" height="4.233mm" /><break type="tab" />Fan speed control switch</callouttxt></calloutitem><calloutitem><callouttxt column="full"><symbol href="../common/step_c.eps" width="4.233mm" height="4.233mm" /><break type="tab" />Airflow mode control switch</callouttxt></calloutitem><calloutitem><callouttxt column="full"><symbol href="../common/step_d.eps" width="4.233mm" height="4.233mm" /><break type="tab" />Rear window defogger switch</callouttxt></calloutitem><calloutitem><callouttxt column="full"><symbol href="../common/step_e.eps" width="4.233mm" height="4.233mm" /><break type="tab" />Outside/recirculated air mode switch</callouttxt></calloutitem><calloutitem><callouttxt column="full"><symbol href="../common/step_f.eps" width="4.233mm" height="4.233mm" /><break type="tab" />“A/C” switch</callouttxt></calloutitem></callout></fig></paraselectitem></paraselect></basic_operation><basic_operation id="ch06se01040105020602"><title>Adjusting the temperature setting</title><paraselect><paraselectitem><title>Vehicles without the “A/C” switch</title><p>To adjust the temperature setting, turn the temperature control switch clockwise to decrease the temperature.</p></paraselectitem><paraselectitem><title>Vehicles with the “A/C” switch</title><p>To adjust the temperature setting, turn the temperature control switch clockwise (warm) or counterclockwise (cool).</p><p_sub>If “A/C” switch is not pressed, the system will blow ambient temperature air or heated air.</p_sub></paraselectitem></paraselect></basic_operation><basic_operation id="ch06se01040105020603"><title>Fan speed setting</title><p>To adjust the fan speed, turn the fan speed control switch clockwise (increase) or counterclockwise (decrease).</p><p_sub>When the fan is off, turning the fan speed control switch clockwise will turn on the fan.</p_sub></basic_operation><basic_operation id="ch06se01040105020604"><title>Change the airflow mode</title><p>To select the air outlets, set the airflow mode control switch to the desired position.</p><fig><image id="ch06se010401050206040801" href="../image/zzcv06aj013a.eps" width="56.000mm" height="38.000mm" /><callout type="illust"><calloutitem><callouttxt><symbol href="../common/step_a.eps" width="4.233mm" height="4.233mm" /><break type="tab" />Upper body</callouttxt></calloutitem><calloutitem><callouttxt><symbol href="../common/step_b.eps" width="4.233mm" height="4.233mm" /><break type="tab" />Upper body and feet</callouttxt></calloutitem><calloutitem><callouttxt><symbol href="../common/step_c.eps" width="4.233mm" height="4.233mm" /><break type="tab" />Feet</callouttxt></calloutitem><calloutitem><callouttxt><symbol href="../common/step_d.eps" width="4.233mm" height="4.233mm" /><break type="tab" />Feet and windshield defogger</callouttxt></calloutitem><calloutitem><callouttxt><symbol href="../common/step_e.eps" width="4.233mm" height="4.233mm" /><break type="tab" />Windshield defogger</callouttxt></calloutitem></callout></fig></basic_operation><basic_operation id="ch06se01040105020605"><title>Switching between outside air and recirculated air modes</title><p>Press the outside/recirculated air mode switch.</p><p_sub>The mode switches between outside air mode and recirculated air mode modes each time the switch is operated.<break />When recirculated air mode is selected, the indicator illuminates on the outside/recirculated air mode switch.</p_sub></basic_operation><basic_operation id="ch06se01040105020606"><title>Set cooling and dehumidification function (vehicles with the “A/C” switch)</title><p>Press the “A/C” switch.</p><p_sub>When the function is on, the indicator illuminates on the “A/C” switch.</p_sub></basic_operation><basic_operation id="ch06se01040105020607"><title><indexmarker marker="Defogger:Windshield" />Defogging the windshield</title><p>Defoggers are used to defog the windshield and front side windows.</p><p>Turn the airflow mode control switch to the windshield defogger position.</p><p_sub>Change the air mode to outside air mode if it is currently set to recirculated air mode. (The mode may change automatically.)</p_sub><p_sub>To defog the windshield and the side windows quickly, turn the air flow and temperature up.</p_sub><p_sub>Vehicles with the “A/C” switch: If the dehumidification function is not operating, press “A/C” switch to operate the dehumidification function.</p_sub></basic_operation><basic_operation id="ch06se01040105020608"><title><indexmarker marker="Windows:Rear window defogger" /><indexmarker marker="Rear window defogger" /><indexmarker marker="Defogger:Rear window" />Defogging the rear window</title><p>A defogger is used to defog the rear window.</p><p>Press the rear window defogger switch.</p><p_sub>The defogger will automatically turn off after a while.</p_sub><p_sub>When the rear window defogger switch is on, the indicator illuminates on the rear window defogger switch.</p_sub></basic_operation><basic_operation id="ch06se01040105020609"><note id="ch06se010401050206090701"><note_body><note_para id="ch06se0104010502060907010901"><title>Fogging up of the windows</title><att_list1 type="bull"><att_list1_item><itemtxt>Vehicles with the “A/C” switch: The windows will easily fog up when the humidity in the vehicle is high. Turning “A/C” switch is on will dehumidify the air from the outlets and defog the windshield effectively.</itemtxt></att_list1_item><att_list1_item><itemtxt>Vehicles with the “A/C” switch: If you turn “A/C” switch is off, the windows may fog up more easily. </itemtxt></att_list1_item><att_list1_item><itemtxt>The windows may fog up if the recirculated air mode is used.</itemtxt></att_list1_item></att_list1></note_para><note_para id="ch06se0104010502060907010902"><title>When driving on dusty roads</title><p>Close all windows. If dust thrown up by the vehicle is still drawn into the vehicle after closing the windows, it is recommended that the air intake mode be set to outside air mode and the fan speed to any setting except off.</p></note_para><note_para id="ch06se0104010502060907010903"><title>Outside/recirculated air mode</title><p>Setting to the recircurated air mode temporarily is recommended in preventing dirty air from entering the vehicle interior and helping to cool the vehicle when the outside air temperature is high.</p></note_para><note_para id="ch06se0104010502060907010904"><title>When the outside temperature is low (vehicles with the “A/C” switch)</title><p>The air conditioning system may not operate even when “A/C” switch is pressed. </p></note_para><note_para id="ch06se0104010502060907010905"><title>Ventilation and air conditioning odors</title><att_list1 type="bull"><att_list1_item><itemtxt>To let fresh air in, set the air conditioning system to the outside air mode.</itemtxt></att_list1_item><att_list1_item><itemtxt>During use, various odors from inside and outside the vehicle may enter into and accumulate in the air conditioning system. This may then cause odor to be emitted from the vents.</itemtxt></att_list1_item><att_list1_item><itemtxt>It is recommended that the air conditioning system be set to outside air mode prior to turning the vehicle off.</itemtxt></att_list1_item><att_list1_item><itemtxt>To reduce potential odors from occurring: It is recommended that the air conditioning system be set to outside air mode prior to turning the vehicle off.</itemtxt></att_list1_item></att_list1></note_para><note_para id="ch06se0104010502060907010906"><title>Air conditioning filter</title><p>&rarr;<xref refid="ch07se030408" srcfile="M02502togeenvhch07.xml#ch07se030408" /></p></note_para></note_body></note><attention id="ch06se010401050206090702" type="warning"><attentiontbl tabletype="WarningTable" width="2.224in"><attentiontbl_body><attentiontbl_body_row><attention_body><attention_mark /></attention_body></attentiontbl_body_row><attentiontbl_body_row><attention_body><attention_para id="ch06se0104010502060907021201"><title>To prevent the windshield from fogging up</title><p>Do not set the airflow mode control switch to the windshield defogger position during cool air operation in extremely humid weather. The difference between the temperature of the outside air and that of the windshield can cause the outer surface of the windshield to fog up, blocking your vision.</p></attention_para></attention_body></attentiontbl_body_row></attentiontbl_body></attentiontbl></attention><attention id="ch06se010401050206090703" type="notice"><attentiontbl><attentiontbl_body><attentiontbl_body_row><attention_body><attention_mark /></attention_body></attentiontbl_body_row><attentiontbl_body_row><attention_body><attention_para id="ch06se0104010502060907031201"><title>To prevent battery discharge</title><p>Do not leave the air conditioning system on longer than necessary when the engine is off.</p></attention_para></attention_body></attentiontbl_body_row></attentiontbl_body></attentiontbl></attention></basic_operation></topic_function_basic><topic_function_basic id="ch06se0104010503"><titlegroup><titlegroupbody><titlegrouprow><titlegroupcell><title>Air outlet layout and operations</title></titlegroupcell></titlegrouprow></titlegroupbody></titlegroup><basic_description id="ch06se01040105030601"><title>Location of air outlets</title><p>The air outlets and air volume changes according to the selected air flow mode.</p><fig><image href="../image/zzcv06aj019a.eps" height="38.000mm" width="56.000mm" id="ch06se010401050306010801" /></fig><p_sub><symbol href="../image/zzcv99ai001a.eps" width="5.292mm" height="5.292mm" />: If equipped</p_sub></basic_description><basic_description id="ch06se01040105030602"><title>Adjusting the position of and opening and closing the air outlets</title><paraselect><paraselectitem><title>Front center</title><fig><image href="../image/zzcv06aj014a.eps" height="38.000mm" width="56.000mm" id="ch06se010401050306021001" /><p>Direct air flow to the left or right, up or down</p></fig></paraselectitem><paraselectitem><title>Front right side</title><fig><image href="../image/zzcv06ac127a.eps" height="38.000mm" width="56.000mm" id="ch06se010401050306021002" /><callout type="number"><calloutitem><callouttxt>Direct air flow to the left or right, up or down</callouttxt></calloutitem><calloutitem><callouttxt>Open the vent</callouttxt></calloutitem><calloutitem><callouttxt>Close the vent</callouttxt></calloutitem></callout></fig></paraselectitem><paraselectitem><title>Front left side</title><fig><image href="../image/zzcv06ac126a.eps" height="38.000mm" width="56.000mm" id="ch06se010401050306021003" /><callout type="number"><calloutitem><callouttxt>Direct air flow to the left or right, up or down</callouttxt></calloutitem><calloutitem><callouttxt>Close the vent</callouttxt></calloutitem><calloutitem><callouttxt>Open the vent</callouttxt></calloutitem></callout></fig></paraselectitem><paraselectitem><title>Rear center (if equipped)</title><fig><image id="ch06se010401050306021004" href="../image/zzcv06ac130a.eps" width="56.000mm" height="38.000mm" /><callout type="number"><calloutitem><callouttxt>Direct air flow to the left or right, up or down</callouttxt></calloutitem><calloutitem><callouttxt>Turn the knob to open or close the vents</callouttxt></calloutitem></callout></fig></paraselectitem></paraselect><attention id="ch06se010401050306020701" type="warning"><attentiontbl><attentiontbl_body><attentiontbl_body_row><attention_body><attention_mark /></attention_body></attentiontbl_body_row><attentiontbl_body_row><attention_body><attention_para id="ch06se0104010503060207011201"><title>To prevent the windshield defogger from operating improperly</title><p>Do not place anything on the instrument panel which may cover the air outlets. Otherwise, air flow may be obstructed, preventing the windshield defoggers from defogging.</p><att_fig><image id="ch06se01040105030602070112011401" href="../image/zzcv06aj018a.eps" width="45.000mm" height="30.000mm" /></att_fig></attention_para></attention_body></attentiontbl_body_row></attentiontbl_body></attentiontbl></attention></basic_description></topic_function_basic></subsection_operation><subsection_operation id="ch06se010402" column="full"><titlegroup width="4.646in"><titlegroupbody><titlegrouprow><titlegroupcell><title><indexmarker marker="Heaters:Automatic air conditioning system" /><indexmarker marker="Air conditioning system:Automatic air conditioning system" /><indexmarker marker="Automatic air conditioning system" /><indexmarker marker="A/C:Automatic air conditioning system" />Automatic air conditioning system<sup>*</sup></title></titlegroupcell></titlegrouprow></titlegroupbody></titlegroup><overview id="ch06se0104020501"><footnote type="other"><p>If equipped</p></footnote><para column="full"><paratable width="4.646in"><paratablebody><paratablerow><paratablecell><paratabletxt>Air outlets are automatically selected and fan speed is automatically adjusted according to the set temperature setting.<break />The illustrations below are for left-hand drive vehicles.<break />The switch positions and shapes will differ for right-hand drive vehicles.<break />Also, the display and button positions will differ depending on the type of the system.</paratabletxt></paratablecell></paratablerow></paratablebody></paratable></para></overview><topic_function_basic id="ch06se0104020502" column="full"><titlegroup tabletype="Topic_title" width="4.606in"><titlegroupbody><titlegrouprow><titlegroupcell><title column="full"><indexmarker marker="Switches:Rear window and outside rear view mirror defoggers switch" />Air conditioning controls</title></titlegroupcell></titlegrouprow></titlegroupbody></titlegroup><basic_operation id="ch06se01040205020601"><paraselect><paraselectitem><title column="full">Vehicles without DUAL mode air conditioning system</title><fig><image href="../image/zzcv06aj024a.eps" id="ch06se010402050206011001" width="114.000mm" height="38.000mm" /><callout type="illust"><calloutitem><callouttxt column="full"><symbol href="../common/step_a.eps" width="4.233mm" height="4.233mm" /><break type="tab" />Temperature control switch</callouttxt></calloutitem><calloutitem><callouttxt column="full"><symbol href="../common/step_b.eps" width="4.233mm" height="4.233mm" /><break type="tab" />Fan speed control switch</callouttxt></calloutitem><calloutitem><callouttxt column="full"><symbol href="../common/step_c.eps" width="4.233mm" height="4.233mm" /><break type="tab" />“A/C” switch</callouttxt></calloutitem><calloutitem><callouttxt column="full"><symbol href="../common/step_d.eps" width="4.233mm" height="4.233mm" /><break type="tab" />Outside air mode switch<sup>*</sup></callouttxt></calloutitem><calloutitem><callouttxt column="full"><symbol href="../common/step_e.eps" width="4.233mm" height="4.233mm" /><break type="tab" />Vehicles without S-FLOW mode switch: Recirculated air mode switch<break />Vehicles with S-FLOW mode switch: Outside/recirculated air mode switch</callouttxt></calloutitem><calloutitem><callouttxt column="full"><symbol href="../common/step_f.eps" width="4.233mm" height="4.233mm" /><break type="tab" />Eco air conditioning mode switch</callouttxt></calloutitem><calloutitem><callouttxt column="full"><symbol href="../common/step_g.eps" width="4.233mm" height="4.233mm" /><break type="tab" />Airflow mode control switch</callouttxt></calloutitem><calloutitem><callouttxt column="full"><symbol href="../common/step_h.eps" width="4.233mm" height="4.233mm" /><break type="tab" />Rear window defogger switch</callouttxt></calloutitem><calloutitem><callouttxt column="full"><symbol href="../common/step_i.eps" width="4.233mm" height="4.233mm" /><break type="tab" />Windshield defogger switch</callouttxt></calloutitem><calloutitem><callouttxt column="full"><symbol href="../common/step_j.eps" width="4.233mm" height="4.233mm" /><break type="tab" />Off switch</callouttxt></calloutitem><calloutitem><callouttxt column="full"><symbol href="../common/step_k.eps" width="4.233mm" height="4.233mm" /><break type="tab" />Automatic mode switch</callouttxt></calloutitem><calloutitem><callouttxt column="full"><symbol href="../common/step_l.eps" width="4.233mm" height="4.233mm" /><break type="tab" />S-FLOW mode switch<sup>*</sup></callouttxt></calloutitem></callout></fig><footnote type="other"><p column="full">If equipped</p></footnote></paraselectitem><paraselectitem><title column="full">Vehicles with DUAL mode air conditioning system</title><fig><image href="../image/zzcv06aj016a.eps" id="ch06se010402050206011002" width="114.000mm" height="38.000mm" /><callout type="illust"><calloutitem><callouttxt column="full"><symbol href="../common/step_a.eps" width="4.233mm" height="4.233mm" /><break type="tab" />Left-hand side temperature control switch</callouttxt></calloutitem><calloutitem><callouttxt column="full"><symbol href="../common/step_b.eps" width="4.233mm" height="4.233mm" /><break type="tab" />Right-hand side temperature control switch</callouttxt></calloutitem><calloutitem><callouttxt column="full"><symbol href="../common/step_c.eps" width="4.233mm" height="4.233mm" /><break type="tab" />“DUAL” switch</callouttxt></calloutitem><calloutitem><callouttxt column="full"><symbol href="../common/step_d.eps" width="4.233mm" height="4.233mm" /><break type="tab" />“A/C” switch</callouttxt></calloutitem><calloutitem><callouttxt column="full"><symbol href="../common/step_e.eps" width="4.233mm" height="4.233mm" /><break type="tab" />S-FLOW mode switch</callouttxt></calloutitem><calloutitem><callouttxt column="full"><symbol href="../common/step_f.eps" width="4.233mm" height="4.233mm" /><break type="tab" />Outside/recirculated air mode switch</callouttxt></calloutitem><calloutitem><callouttxt column="full"><symbol href="../common/step_g.eps" width="4.233mm" height="4.233mm" /><break type="tab" />Airflow mode control switch</callouttxt></calloutitem><calloutitem><callouttxt column="full"><symbol href="../common/step_h.eps" width="4.233mm" height="4.233mm" /><break type="tab" />Fan speed up switch</callouttxt></calloutitem><calloutitem><callouttxt column="full"><symbol href="../common/step_i.eps" width="4.233mm" height="4.233mm" /><break type="tab" />Fan speed down switch</callouttxt></calloutitem><calloutitem><callouttxt column="full"><symbol href="../common/step_j.eps" width="4.233mm" height="4.233mm" /><break type="tab" />Eco air conditioning mode switch</callouttxt></calloutitem><calloutitem><callouttxt column="full"><symbol href="../common/step_k.eps" width="4.233mm" height="4.233mm" /><break type="tab" />Rear window defogger switch</callouttxt></calloutitem><calloutitem><callouttxt column="full"><symbol href="../common/step_l.eps" width="4.233mm" height="4.233mm" /><break type="tab" />Windshield defogger switch</callouttxt></calloutitem><calloutitem><callouttxt column="full"><symbol href="../common/step_m.eps" width="4.233mm" height="4.233mm" /><break type="tab" />Off switch</callouttxt></calloutitem><calloutitem><callouttxt column="full"><symbol href="../common/step_n.eps" width="4.233mm" height="4.233mm" /><break type="tab" />Automatic mode switch</callouttxt></calloutitem></callout></fig></paraselectitem></paraselect></basic_operation><basic_operation id="ch06se01040205020602"><title>Adjusting the temperature setting</title><p>To adjust the temperature setting, turn the temperature control switch clockwise (warm) or counterclockwise (cool).</p><p_sub>If “A/C” switch is not pressed, the system will blow ambient temperature air or heated air.</p_sub></basic_operation><basic_operation id="ch06se01040205020603"><title>Setting the fan speed</title><paraselect><paraselectitem><title>Vehicles without DUAL mode air conditioning system</title><p>To adjust the fan speed, turn the fan speed control switch clockwise (increase) or counterclockwise (decrease).</p><p_sub>Pressing the off switch to turns off the fan.</p_sub></paraselectitem><paraselectitem><title>Vehicles with DUAL mode air conditioning system</title><p>Operate the fan speed up switch to increase the fan speed and the fan speed down switch to decrease the fan speed.</p><p_sub>Pressing the off switch to turns off the fan.</p_sub></paraselectitem></paraselect></basic_operation><basic_operation id="ch06se01040205020604"><title>Change the airflow mode</title><p>Press the airflow mode control switch.</p><p_sub>The airflow mode changes as follows each time the switch is pressed.</p_sub><fig><image id="ch06se010402050206040801" href="../image/zzcv06aj015a.eps" width="56.000mm" height="57.000mm" /><callout type="number"><calloutitem><callouttxt>Upper body</callouttxt></calloutitem><calloutitem><callouttxt>Upper body and feet</callouttxt></calloutitem><calloutitem><callouttxt>Feet</callouttxt></calloutitem><calloutitem><callouttxt>Feet and windshield defogger</callouttxt></calloutitem></callout></fig></basic_operation><basic_operation id="ch06se01040205020605"><title>Switching between outside air and recirculated air modes</title><paraselect><paraselectitem><title>Vehicles without S-FLOW mode switch</title><list1 type="bull"><list1_item><itemtxt>To change to recirculated air mode, press the recirculated air mode switch.</itemtxt><itemtxt_sub>The indicator illuminates on the recirculated air mode switch.</itemtxt_sub></list1_item><list1_item><itemtxt>To change to outside air mode, press the outside air mode switch.</itemtxt><itemtxt_sub>The indicator illuminates on the outside air mode switch.</itemtxt_sub></list1_item></list1></paraselectitem><paraselectitem><title>Vehicles with S-FLOW mode switch</title><p>Press the outside/recirculated air mode switch.</p><p_sub>The mode switches between outside air mode and recirculated air mode modes each time the switch is operated.<break />When recirculated air mode is selected, the indicator illuminates on the outside/recirculated air mode switch.</p_sub></paraselectitem></paraselect></basic_operation><basic_operation id="ch06se01040205020606"><title>Set cooling and dehumidification function</title><p>Press the “A/C” switch.</p><p_sub>When the function is on, the indicator illuminates on the “A/C” switch.</p_sub></basic_operation><basic_operation id="ch06se01040205020607"><title><indexmarker marker="Defogger:Windshield" />Defogging the windshield</title><p>Defoggers are used to defog the windshield and front side windows.</p><p>Press the windshield defogger switch.</p><p_sub>Change the air mode to outside air mode if it is currently set to recirculated air mode. (The mode may change automatically.)</p_sub><p_sub>To defog the windshield and the side windows quickly, turn the air flow and temperature up.</p_sub><p_sub>To return to the previous mode, press the windshield defogger switch again when the windshield is defogged.</p_sub><p_sub>When the windshield defogger switch is on, the indicator illuminates on the windshield defogger switch.</p_sub></basic_operation><basic_operation id="ch06se01040205020608"><title><indexmarker marker="Windows:Rear window defogger" /><indexmarker marker="Rear window defogger" /><indexmarker marker="Defogger:Rear window" />Defogging the rear window</title><p>A defogger is used to defog the rear window.</p><p>Press the rear window defogger switch.</p><p_sub>The defogger will automatically turn off after a while.</p_sub><p_sub>When the rear window defogger switch is on, the indicator illuminates on the rear window defogger switch.</p_sub></basic_operation><basic_operation id="ch06se01040205020609"><title>Eco air conditioning mode</title><p>The air conditioning is controlled with low fuel consumption prioritized such as reducing fan speed, etc.</p><p>Press the eco air conditioning mode switch.</p><p_sub>When the eco air conditioning mode is on, the indicator illuminates on the eco air conditioning mode switch.</p_sub></basic_operation><basic_operation id="ch06se01040205020610"><title>S-FLOW mode (if equipped)</title><p>In S-FLOW mode, priority for the airflow is given to the driver’s seat, reducing the airflow and air conditioning effect on the front passenger’s seat and rear seats.</p><p>When the S-FLOW mode switch is pressed, S-FLOW mode will be manually enabled/ disabled.</p><p_sub>When the S-FLOW mode is on, the indicator illuminates on the S-FLOW mode switch and the temperature indicator for the passenger side will turn off.</p_sub></basic_operation><basic_operation id="ch06se01040205020611"><note id="ch06se010402050206110701"><note_body><note_para id="ch06se0104020502061107010901"><title>Fogging up of the windows</title><att_list1 type="bull"><att_list1_item><itemtxt>The windows will easily fog up when the humidity in the vehicle is high. Turning “A/C” on will dehumidify the air from the outlets and defog the windshield effectively. </itemtxt></att_list1_item><att_list1_item><itemtxt>If you turn “A/C” off, the windows may fog up more easily. </itemtxt></att_list1_item><att_list1_item><itemtxt>The windows may fog up if the recirculated air mode is used.</itemtxt></att_list1_item></att_list1></note_para><note_para id="ch06se0104020502061107010902"><title>When driving on dusty roads</title><p>Close all windows. If dust thrown up by the vehicle is still drawn into the vehicle after closing the windows, it is recommended that the air intake mode be set to outside air mode and the fan speed to any setting except off.</p></note_para><note_para id="ch06se0104020502061107010903"><title>Outside/recirculated air mode</title><att_list1 type="bull"><att_list1_item><itemtxt>Setting to the recircurated air mode temporarily is recommended in preventing dirty air from entering the vehicle interior and helping to cool the vehicle when the outside air temperature is high.</itemtxt></att_list1_item><att_list1_item><itemtxt>Outside/recirculated air mode may automatically switch depending on the temperature setting or the inside temperature.</itemtxt></att_list1_item></att_list1></note_para><note_para id="ch06se0104020502061107010904"><title>When the outside temperature falls to nearly 0°C (32°F)</title><p>The dehumidification function may not operate even when “A/C” switch is pressed. </p></note_para><note_para id="ch06se0104020502061107010905"><title>Ventilation and air conditioning odors</title><att_list1 type="bull"><att_list1_item><itemtxt>To let fresh air in, set the air conditioning system to the outside air mode.</itemtxt></att_list1_item><att_list1_item><itemtxt>During use, various odors from inside and outside the vehicle may enter into and accumulate in the air conditioning system. This may then cause odor to be emitted from the vents.</itemtxt></att_list1_item><att_list1_item><itemtxt>To reduce potential odors from occurring:</itemtxt><att_list2 type="dot"><att_list2_item><itemtxt>It is recommended that the air conditioning system be set to outside air mode prior to turning the vehicle off.</itemtxt></att_list2_item><att_list2_item><itemtxt>The start timing of the blower may be delayed for a short period of time immediately after the air conditioning system is started in automatic mode.</itemtxt></att_list2_item></att_list2></att_list1_item><att_list1_item><itemtxt>Except for GCC countries<sup>*</sup> and Yemen: When parking, the system automatically switches to outside air mode to encourage better air circulation throughout the vehicle, helping to reduce odors that occur when starting the vehicle.</itemtxt><footnote type="other" id="ch06se01040205020611070109051201"><p>Saudi Arabia, Sultanate of Oman, Bahrain, United Arab Emirates, Qatar, Kuwait</p></footnote></att_list1_item></att_list1></note_para><note_para id="ch06se0104020502061107010906"><title>nanoe™ <sup>*1</sup> (if equipped)</title><p>The air conditioning system adopts nanoe™ technology. This helps to fill the cabin with refreshing air by emitting slightly acidic nanoe™ coated with water particles through the passenger’s side vent<sup>*2</sup>.</p><att_list1 type="bull"><att_list1_item><itemtxt>When the fan is turned on, nanoe™ system is activated.</itemtxt></att_list1_item><att_list1_item><itemtxt>When the fan is operated in the following conditions, system performance will be maximized. If the following conditions are not met, nanoe™ may not operate at full capacity.</itemtxt><att_list2 type="dot"><att_list2_item><itemtxt>The upper body, the upper body and feet or the feet air outlets are being used. (&rarr;<xref refid="ch06se01040205020604" srcfile="M02502togeenvhch06.xml#ch06se01040205020604" />)</itemtxt></att_list2_item><att_list2_item><itemtxt>The passenger’s side vent is open.</itemtxt></att_list2_item></att_list2></att_list1_item><att_list1_item><itemtxt>When nanoe™ is generated, a small amount of ozone is emitted and may be faintly smelled in some situations. However, this is approximately the same as the amount that already exists in nature, such as in forests, and it has no affect on the human body.</itemtxt></att_list1_item><att_list1_item><itemtxt>A slight noise may be heard during operation. This is not a malfunction.</itemtxt></att_list1_item></att_list1><footnote type="other" num="1"><p>nanoe™ and the nanoe™ mark are trademarks of Panasonic Corporation.</p></footnote><footnote type="other" num="2"><p>According to temperature and humidity conditions, fan speed and direction of the air flow, nanoe™ may not operate at full capacity.</p></footnote></note_para><note_para id="ch06se0104020502061107010907"><title>Air conditioning filter</title><p>&rarr;<xref refid="ch07se030408" srcfile="M02502togeenvhch07.xml#ch07se030408" /></p></note_para><note_para id="ch06se0104020502061107010908" publish_em="no"><title>Customization</title><p>Some functions can be customized. (&rarr;<xref refid="ch09se020401" srcfile="M02502togeenvhch09.xml#ch09se020401" />)</p></note_para></note_body></note><attention id="ch06se010402050206110702" type="warning"><attentiontbl tabletype="WarningTable" width="2.224in"><attentiontbl_body><attentiontbl_body_row><attention_body><attention_mark /></attention_body></attentiontbl_body_row><attentiontbl_body_row><attention_body><attention_para id="ch06se0104020502061107021201"><title>To prevent the windshield from fogging up</title><p>Do not use the windshield defogger switch during cool air operation in extremely humid weather. The difference between the temperature of the outside air and that of the windshield can cause the outer surface of the windshield to fog up, blocking your vision.</p></attention_para></attention_body></attentiontbl_body_row><attentiontbl_body_row><attention_body><attention_para id="ch06se0104020502061107021202"><title>nanoe™ (if equipped)</title><p>Do not disassemble or repair the generator because it contains high voltage parts. Contact your Toyota dealer if the generator needs repair.</p></attention_para></attention_body></attentiontbl_body_row></attentiontbl_body></attentiontbl></attention><attention id="ch06se010402050206110703" type="notice"><attentiontbl><attentiontbl_body><attentiontbl_body_row><attention_body><attention_mark /></attention_body></attentiontbl_body_row><attentiontbl_body_row><attention_body><attention_para id="ch06se0104020502061107031201"><title>To prevent battery discharge</title><p>Do not leave the air conditioning system on longer than necessary when the engine is off.</p></attention_para></attention_body></attentiontbl_body_row><attentiontbl_body_row><attention_body><attention_para id="ch06se0104020502061107031202"><title>To prevent damage to the nanoe™ (if equipped)</title><p>Do not insert anything into the passenger’s side vent, attach anything to it, or use sprays around the passenger’s side vent. These things may cause the generator not to work properly.</p></attention_para></attention_body></attentiontbl_body_row></attentiontbl_body></attentiontbl></attention></basic_operation></topic_function_basic><topic_function_basic id="ch06se0104020503"><titlegroup><titlegroupbody><titlegrouprow><titlegroupcell><title>Using automatic mode</title></titlegroupcell></titlegrouprow></titlegroupbody></titlegroup><basic_operation id="ch06se01040205030601"><step><stepitem><steptxt>Press the automatic mode switch.</steptxt></stepitem><stepitem><steptxt>Adjust the temperature setting.</steptxt></stepitem><stepitem><steptxt>To stop the operation, press the off switch.</steptxt></stepitem></step><p>If the fan speed setting or air flow modes are operated, the automatic mode indicator goes off. However, automatic mode for functions other than that operated is maintained.</p></basic_operation><note id="ch06se01040205030602"><note_body><note_para id="ch06se010402050306020801"><title>Using automatic mode</title><p>Fan speed is adjusted automatically according to the temperature setting and the ambient conditions.</p><p>Therefore, the fan may stop for a while until warm or cool air is ready to flow immediately after the automatic mode switch pressed. </p></note_para></note_body></note></topic_function_basic><topic_function_basic id="ch06se0104020504"><titlegroup><titlegroupbody><titlegrouprow><titlegroupcell><title>Adjusting the temperature for the driver and front passenger seat separately (vehicles with DUAL mode air conditioning system)</title></titlegroupcell></titlegrouprow></titlegroupbody></titlegroup><basic_operation id="ch06se01040205040601"><p>To turn on the “DUAL” mode, perform any of the following procedures:</p><list1 type="bull"><list1_item><itemtxt>Press the “DUAL” switch.</itemtxt></list1_item><list1_item><itemtxt>Adjust the front passenger’s side temperature setting.</itemtxt><itemtxt_sub>The indicator on the “DUAL” switch comes on when the “DUAL” mode is on. </itemtxt_sub><itemtxt_sub>Pressing the “DUAL” switch when in “DUAL” mode will disable “DUAL” mode, and the temperature setting for the front passenger’s side will become linked to the driver’s side.</itemtxt_sub></list1_item></list1></basic_operation></topic_function_basic><topic_function_basic id="ch06se0104020505"><titlegroup><titlegroupbody><titlegrouprow><titlegroupcell><title>Air outlet layout and operations</title></titlegroupcell></titlegrouprow></titlegroupbody></titlegroup><basic_description id="ch06se01040205050601"><title>Location of air outlets</title><p>The air outlets and air volume changes according to the selected air flow mode.</p><fig><image href="../image/zzcv06aj019a.eps" id="ch06se010402050506010801" width="56.000mm" height="38.000mm" /></fig><p_sub><symbol href="../image/zzcv99ai001a.eps" width="5.292mm" height="5.292mm" />: If equipped</p_sub></basic_description><basic_operation id="ch06se01040205050602"><title>Adjusting the position of and opening and closing the air outlets</title><paraselect><paraselectitem><title>Front center</title><fig><image href="../image/zzcv06ac141a.eps" height="38.000mm" width="56.000mm" id="ch06se010402050506021001" /><p>Direct air flow to the left or right, up or down</p></fig></paraselectitem><paraselectitem><title>Front right-hand side</title><fig><image id="ch06se010402050506021002" href="../image/zzcv06ac127a.eps" width="56.000mm" height="38.000mm" /><callout type="number"><calloutitem><callouttxt>Direct air flow to the left or right, up or down</callouttxt></calloutitem><calloutitem><callouttxt>Open the vent</callouttxt></calloutitem><calloutitem><callouttxt>Close the vent</callouttxt></calloutitem></callout></fig></paraselectitem><paraselectitem><title>Front left-hand side</title><fig><image id="ch06se010402050506021003" href="../image/zzcv06ac126a.eps" width="56.000mm" height="38.000mm" /><callout type="number"><calloutitem><callouttxt>Direct air flow to the left or right, up or down</callouttxt></calloutitem><calloutitem><callouttxt>Close the vent</callouttxt></calloutitem><calloutitem><callouttxt>Open the vent</callouttxt></calloutitem></callout></fig></paraselectitem><paraselectitem><title>Rear center (if equipped)</title><fig><image id="ch06se010402050506021004" href="../image/zzcv06ac130a.eps" width="56.000mm" height="38.000mm" /><callout type="number"><calloutitem><callouttxt>Direct air flow to the left or right, up or down</callouttxt></calloutitem><calloutitem><callouttxt>Turn the knob to open or close the vents</callouttxt></calloutitem></callout></fig></paraselectitem></paraselect></basic_operation></topic_function_basic><attention id="ch06se0104020506" type="warning"><attentiontbl><attentiontbl_body><attentiontbl_body_row><attention_body><attention_mark /></attention_body></attentiontbl_body_row><attentiontbl_body_row><attention_body><attention_para id="ch06se01040205061001"><title>To prevent the windshield defogger from operating improperly</title><p>Do not place anything on the instrument panel which may cover the air outlets. Otherwise, air flow may be obstructed, preventing the windshield defoggers from defogging.</p><att_fig><image id="ch06se010402050610011201" href="../image/zzcv06ac123a.eps" width="45.000mm" height="30.000mm" /></att_fig></attention_para></attention_body></attentiontbl_body_row></attentiontbl_body></attentiontbl></attention></subsection_operation></section><section id="ch06se02"><title>Using the interior lights</title><subsection_operation id="ch06se020401" column="full"><titlegroup width="4.646in"><titlegroupbody><titlegrouprow><titlegroupcell><title column="full"><indexmarker marker="Personal lights" /><indexmarker marker="Lights:Interior lights list" /><indexmarker marker="Interior lights" /><indexmarker marker="Interior lights:Front interior light" /><indexmarker marker="Interior lights:Rear interior light" />Interior lights list</title></titlegroupcell></titlegrouprow></titlegroupbody></titlegroup><topic_function_basic id="ch06se0204010501"><titlegroup tabletype="Topic_title" width="4.606in"><titlegroupbody><titlegrouprow><titlegroupcell><title column="full"><indexmarker marker="Lights:Interior lights" />Location of the interior lights</title></titlegroupcell></titlegrouprow></titlegroupbody></titlegroup><basic_description id="ch06se02040105010601"><fig column="full"><image id="ch06se020401050106010801" href="../image/zzcv06aj001a.eps" width="114mm" height="76mm" /><callout type="illust"><calloutitem><callouttxt column="full"><symbol href="../common/step_a.eps" width="4.233mm" height="4.233mm" /><break type="tab" />Rear interior light</callouttxt></calloutitem><calloutitem><callouttxt column="full"><symbol href="../common/step_b.eps" width="4.233mm" height="4.233mm" /><break type="tab" />Door trim lights (if equipped)</callouttxt></calloutitem><calloutitem><callouttxt column="full"><symbol href="../common/step_c.eps" width="4.233mm" height="4.233mm" /><break type="tab" />Front personal lights / front interior lights (vehicles with a moon roof)</callouttxt></calloutitem><calloutitem><callouttxt column="full"><symbol href="../common/step_d.eps" width="4.233mm" height="4.233mm" /><break type="tab" />Center tray light (if equipped)</callouttxt></calloutitem><calloutitem><callouttxt column="full"><symbol href="../common/step_e.eps" width="4.233mm" height="4.233mm" /><break type="tab" />Cup holder lights (if equipped)</callouttxt></calloutitem><calloutitem><callouttxt column="full"><symbol href="../common/step_f.eps" width="4.233mm" height="4.233mm" /><break type="tab" />Door courtesy lights (if equipped)</callouttxt></calloutitem></callout></fig></basic_description></topic_function_basic><topic_function_basic id="ch06se0204010502"><titlegroup><titlegroupbody><titlegrouprow><titlegroupcell><title><indexmarker marker="Lights:Front interior lights" /><indexmarker marker="Lights:Rear interior lights" />Operating the interior lights</title></titlegroupcell></titlegrouprow></titlegroupbody></titlegroup><basic_operation id="ch06se02040105020601"><title>Front (vehicles with a moon roof)</title><fig><image id="ch06se020401050206010801" href="../image/zzcv06aj002a.eps" width="56.000mm" height="38.000mm" /><callout type="number"><calloutitem><callouttxt>Turns the door position on/off</callouttxt><callouttxt_sub>When a door is opened while the door position is on, the lights turn on.</callouttxt_sub></calloutitem><calloutitem><callouttxt>Turns the lights on/off</callouttxt></calloutitem></callout></fig></basic_operation><basic_operation id="ch06se02040105020602"><title>Rear</title><list1 type="dash"><list1_item><itemtxt>Type A</itemtxt><fig><image id="ch06se020401050206021001" href="../image/zzcv06aj003a.eps" width="56.000mm" height="38.000mm" /><callout type="number"><calloutitem><callouttxt>Turns the light off</callouttxt></calloutitem><calloutitem><callouttxt>Turns the door position on</callouttxt><callouttxt_sub>When a door is opened while the door position is on, the lights turn on.</callouttxt_sub></calloutitem><calloutitem><callouttxt>Turns the light on</callouttxt></calloutitem></callout></fig></list1_item><list1_item><itemtxt>Type B</itemtxt><fig><image id="ch06se020401050206021002" href="../image/zzcv06aj032a.eps" width="56.000mm" height="38.000mm" /><callout type="number"><calloutitem><callouttxt>Turns the light off</callouttxt></calloutitem><calloutitem><callouttxt>Turns the door position on</callouttxt><callouttxt_sub>When a door is opened while the door position is on, the lights turn on.</callouttxt_sub></calloutitem><calloutitem><callouttxt>Turns the light on</callouttxt></calloutitem></callout></fig></list1_item></list1></basic_operation></topic_function_basic><topic_function_basic id="ch06se0204010503"><titlegroup><titlegroupbody><titlegrouprow><titlegroupcell><title><indexmarker marker="Lights:Personal lights" />Operating the front personal lights</title></titlegroupcell></titlegrouprow></titlegroupbody></titlegroup><basic_operation id="ch06se02040105030601"><paraselect><paraselectitem><title>Vehicles with a moon roof</title><fig><image id="ch06se020401050306011001" href="../image/zzcv06aj004a.eps" width="56.000mm" height="38.000mm" /></fig><p>Turns the lights on/off</p></paraselectitem><paraselectitem><title>Vehicles without a moon roof</title><fig><image id="ch06se020401050306011002" href="../image/zzcv06aj005a.eps" width="56.000mm" height="38.000mm" /></fig><p>Turns the lights on/off</p></paraselectitem></paraselect></basic_operation><note id="ch06se02040105030602"><note_body><note_para id="ch06se020401050306020801"><title><indexmarker marker="Illuminated entry system" />Illuminated entry system</title><p>The lights automatically turn on/off according to the engine switch mode (position), the presence of the electronic key (vehicles with a smart entry &amp; start system), whether the doors are locked/unlocked, and whether the doors are opened/closed.</p></note_para><note_para id="ch06se020401050306020802"><title>To prevent the battery from being discharged</title><p>If the interior lights remain on when the engine switch is turned off, the lights will go off automatically after 20 minutes.</p></note_para><note_para id="ch06se020401050306020803"><title>The interior lights may turn on automatically when</title><p>If any of the SRS airbags deploy (inflate) or in the event of a strong rear impact, the interior lights will turn on automatically.<break />The interior lights will turn off automatically after approximately 20 minutes.<break />The interior lights can be turned off manually. However, in order to help prevent further collisions, it is recommended that they be left on until safety can be ensured.<break />(The interior lights may not turn on automatically depending on the force of the impact and conditions of the collision.)</p></note_para><note_para id="ch06se020401050306020804" publish_em="no"><title>Customization</title><p>Some functions can be customized. (&rarr;<xref refid="ch09se020401" srcfile="M02502togeenvhch09.xml#ch09se020401" />)</p></note_para></note_body></note></topic_function_basic><attention id="ch06se0204010504" type="notice"><attentiontbl><attentiontbl_body><attentiontbl_body_row><attention_body><attention_mark /></attention_body></attentiontbl_body_row><attentiontbl_body_row><attention_body><attention_para id="ch06se02040105041001"><title>To prevent battery discharge</title><p>Do not leave the lights on longer than necessary when the engine is not running.</p></attention_para></attention_body></attentiontbl_body_row></attentiontbl_body></attentiontbl></attention></subsection_operation></section><section id="ch06se03"><title>Using the storage features</title><subsection_operation id="ch06se030401" column="full"><titlegroup width="4.646in"><titlegroupbody><titlegrouprow><titlegroupcell><title column="full"><indexmarker marker="Storage features" />List of storage features</title></titlegroupcell></titlegrouprow></titlegroupbody></titlegroup><topic_function_basic id="ch06se0304010501"><titlegroup tabletype="Topic_title" width="4.606in"><titlegroupbody><titlegrouprow><titlegroupcell><title column="full">Location of the storage features</title></titlegroupcell></titlegrouprow></titlegroupbody></titlegroup><basic_description id="ch06se03040105010601"><fig column="full"><image id="ch06se030401050106010801" href="../image/zzcv06aj006a.eps" width="114mm" height="76mm" /><callout type="illust"><calloutitem><callouttxt column="full"><symbol href="../common/step_a.eps" width="4.233mm" height="4.233mm" /><break type="tab" />Bottle holders/door pockets (&rarr;<xref refid="ch06se0304010504" srcfile="M02502togeenvhch06.xml#ch06se0304010504" />)</callouttxt></calloutitem><calloutitem><callouttxt column="full"><symbol href="../common/step_b.eps" width="4.233mm" height="4.233mm" /><break type="tab" />Open trays (if equipped) (&rarr;<xref refid="ch06se0304010506" srcfile="M02502togeenvhch06.xml#ch06se0304010506" />)</callouttxt></calloutitem><calloutitem><callouttxt column="full"><symbol href="../common/step_c.eps" width="4.233mm" height="4.233mm" /><break type="tab" />Glove box (&rarr;<xref refid="ch06se0304010502" srcfile="M02502togeenvhch06.xml#ch06se0304010502" />)</callouttxt></calloutitem><calloutitem><callouttxt column="full"><symbol href="../common/step_d.eps" width="4.233mm" height="4.233mm" /><break type="tab" />Cup holders (&rarr;<xref refid="ch06se0304010503" srcfile="M02502togeenvhch06.xml#ch06se0304010503" />)</callouttxt></calloutitem><calloutitem><callouttxt column="full"><symbol href="../common/step_e.eps" width="4.233mm" height="4.233mm" /><break type="tab" />Console box (&rarr;<xref refid="ch06se0304010505" srcfile="M02502togeenvhch06.xml#ch06se0304010505" />)</callouttxt></calloutitem></callout></fig></basic_description><attention id="ch06se03040105010602" type="warning"><attentiontbl><attentiontbl_body><attentiontbl_body_row><attention_body><attention_mark /></attention_body></attentiontbl_body_row><attentiontbl_body_row><attention_body><attention_para id="ch06se030401050106021101"><title>Items that should not be left in the storage spaces</title><p>Do not leave glasses, lighters or spray cans in the storage spaces, as this may cause the following when cabin temperature becomes high:</p></attention_para></attention_body></attentiontbl_body_row><attentiontbl_body_row><attention_body><attention_para id="ch06se030401050106021102"><att_list1 type="bull"><att_list1_item><itemtxt>Glasses may be deformed by heat or cracked if they come into contact with other stored items.</itemtxt></att_list1_item></att_list1></attention_para></attention_body></attentiontbl_body_row><attentiontbl_body_row><attention_body><attention_para id="ch06se030401050106021103"><att_list1 type="bull"><att_list1_item><itemtxt>Lighters or spray cans may explode. If they come into contact with other stored items, the lighter may catch fire or the spray can may release gas, causing a fire hazard.</itemtxt></att_list1_item></att_list1></attention_para></attention_body></attentiontbl_body_row></attentiontbl_body></attentiontbl></attention></topic_function_basic><topic_function_basic id="ch06se0304010502"><titlegroup><titlegroupbody><titlegrouprow><titlegroupcell><title><indexmarker marker="Glove box" />Glove box</title></titlegroupcell></titlegrouprow></titlegroupbody></titlegroup><basic_operation id="ch06se03040105020601"><fig><image id="ch06se030401050206010801" href="../image/zzcv06aj008a.eps" width="56.000mm" height="38.000mm" /></fig><p>Pull up the lever to open the glove box.</p></basic_operation><note id="ch06se03040105020602"><note_body><note_para id="ch06se030401050206020801"><title><indexmarker marker="Glove box light" />Glove box light (if equipped)</title><p>The glove box light turns on when the tail lights are on.</p></note_para></note_body></note><attention id="ch06se03040105020603" type="warning"><attentiontbl><attentiontbl_body><attentiontbl_body_row><attention_body><attention_mark /></attention_body></attentiontbl_body_row><attentiontbl_body_row><attention_body><attention_para id="ch06se030401050206031101"><title>Caution while driving</title><p>Keep the glove box closed. In the event of sudden braking or sudden swerving, an accident may occur due to an occupant being struck by the open glove box or the items stored inside.</p></attention_para></attention_body></attentiontbl_body_row></attentiontbl_body></attentiontbl></attention></topic_function_basic><topic_function_basic id="ch06se0304010503"><titlegroup><titlegroupbody><titlegrouprow><titlegroupcell><title><indexmarker marker="Cup holders" />Cup holders</title></titlegroupcell></titlegrouprow></titlegroupbody></titlegroup><basic_operation id="ch06se03040105030601"><paraselect><paraselectitem><title>Front</title><fig><image id="ch06se030401050306011001" href="../image/zzcv06ac069a.eps" width="56.000mm" height="38.000mm" /></fig></paraselectitem><paraselectitem><title>Rear (if equipped)</title><p>Pull the armrest down.</p><fig><image id="ch06se030401050306011002" href="../image/zzcv06aj027a.eps" width="56.000mm" height="38.000mm" /></fig></paraselectitem></paraselect></basic_operation><attention id="ch06se03040105030602" type="warning"><attentiontbl><attentiontbl_body><attentiontbl_body_row><attention_body><attention_mark /></attention_body></attentiontbl_body_row><attentiontbl_body_row><attention_body><attention_para id="ch06se030401050306021101"><title>Items unsuitable for the cup holder</title><p>Do not place anything other than cups or beverage cans in the cup holders.<break />Other items may be thrown out of the holders in the event of an accident or sudden braking and cause injury. If possible, cover hot drinks to prevent burns.</p></attention_para></attention_body></attentiontbl_body_row></attentiontbl_body></attentiontbl></attention></topic_function_basic><topic_function_basic id="ch06se0304010504"><titlegroup><titlegroupbody><titlegrouprow><titlegroupcell><title><indexmarker marker="Bottle holders" />Bottle holders/door pockets</title></titlegroupcell></titlegrouprow></titlegroupbody></titlegroup><basic_operation id="ch06se03040105040601"><paraselect><paraselectitem><title>Front</title><fig><image id="ch06se030401050406011001" href="../image/zzcv06ai014a.eps" width="56.000mm" height="38.000mm" /></fig></paraselectitem><paraselectitem><title>Rear</title><fig><image id="ch06se030401050406011002" href="../image/zzcv06ai015a.eps" width="56.000mm" height="38.000mm" /></fig></paraselectitem></paraselect></basic_operation><note id="ch06se03040105040602"><note_body><note_para id="ch06se030401050406020801"><title>Bottle holders</title><att_list1 type="bull"><att_list1_item><itemtxt>When storing a bottle, close the cap.</itemtxt></att_list1_item><att_list1_item><itemtxt>The bottle may not be stored depending on its size or shape.</itemtxt></att_list1_item></att_list1></note_para></note_body></note><attention id="ch06se03040105040603" type="warning"><attentiontbl><attentiontbl_body><attentiontbl_body_row><attention_body><attention_mark /></attention_body></attentiontbl_body_row><attentiontbl_body_row><attention_body><attention_para id="ch06se030401050406031101"><title>Items unsuitable for the bottle holders</title><p>Do not place anything other than a bottle in the bottle holders.<break />Other items may be thrown out of the holders in the event of an accident or sudden braking and cause injury.</p></attention_para></attention_body></attentiontbl_body_row></attentiontbl_body></attentiontbl></attention><attention id="ch06se03040105040604" type="notice"><attentiontbl><attentiontbl_body><attentiontbl_body_row><attention_body><attention_mark /></attention_body></attentiontbl_body_row><attentiontbl_body_row><attention_body><attention_para id="ch06se030401050406041101"><title>Items that should be not stowed in the bottle holders</title><p>Do not place open bottles or glass and paper cups containing liquid in the bottle holders. The contents may spill and glasses may break.</p></attention_para></attention_body></attentiontbl_body_row></attentiontbl_body></attentiontbl></attention></topic_function_basic><topic_function_basic id="ch06se0304010505"><titlegroup><titlegroupbody><titlegrouprow><titlegroupcell><title><indexmarker marker="Console box" />Console box</title></titlegroupcell></titlegrouprow></titlegroupbody></titlegroup><basic_operation id="ch06se03040105050601"><p>Lift the lid while pulling up the knob.</p><fig><image id="ch06se030401050506010801" href="../image/zzcv06aj009a.eps" width="56.000mm" height="38.000mm" /></fig></basic_operation><attention id="ch06se03040105050602" type="warning"><attentiontbl><attentiontbl_body><attentiontbl_body_row><attention_body><attention_mark /></attention_body></attentiontbl_body_row><attentiontbl_body_row><attention_body><attention_para id="ch06se030401050506021101"><title>Caution while driving</title><p>Keep the console box closed.<break />Injuries may result in the event of an accident or sudden braking.</p></attention_para></attention_body></attentiontbl_body_row></attentiontbl_body></attentiontbl></attention></topic_function_basic><topic_function_basic id="ch06se0304010506"><titlegroup><titlegroupbody><titlegrouprow><titlegroupcell><title><indexmarker marker="Open tray" />Open trays (if equipped)</title></titlegroupcell></titlegrouprow></titlegroupbody></titlegroup><basic_operation id="ch06se03040105060601"><paraselect><paraselectitem><title>Front</title><fig><image id="ch06se030401050606011001" href="../image/zzcv06ac077a.eps" width="56.000mm" height="38.000mm" /></fig></paraselectitem><paraselectitem><title>Rear</title><fig><image id="ch06se030401050606011002" href="../image/zzcv06ac078a.eps" width="56.000mm" height="38.000mm" /></fig></paraselectitem></paraselect></basic_operation><attention id="ch06se03040105060602" type="warning"><attentiontbl><attentiontbl_body><attentiontbl_body_row><attention_body><attention_mark /></attention_body></attentiontbl_body_row><attentiontbl_body_row><attention_body><attention_para id="ch06se030401050606021101"><title>Caution while driving</title><p>Observe the following precautions when putting items in the open tray. Failure to do so may cause items to be thrown out of the tray in the event of sudden braking or steering. In these cases, the items may interfere with pedal operation or cause driver distraction, resulting in an accident.</p></attention_para></attention_body></attentiontbl_body_row><attentiontbl_body_row><attention_body><attention_para id="ch06se030401050606021102"><att_list1 type="bull"><att_list1_item><itemtxt>Do not store items in the tray that can easily shift or roll out.</itemtxt></att_list1_item></att_list1></attention_para></attention_body></attentiontbl_body_row><attentiontbl_body_row><attention_body><attention_para id="ch06se030401050606021103"><att_list1 type="bull"><att_list1_item><itemtxt>Do not stack items in the tray higher than the tray’s edge.</itemtxt></att_list1_item></att_list1></attention_para></attention_body></attentiontbl_body_row><attentiontbl_body_row><attention_body><attention_para id="ch06se030401050606021104"><att_list1 type="bull"><att_list1_item><itemtxt>Do not put items in the tray that may protrude over the tray’s edge.</itemtxt></att_list1_item></att_list1></attention_para></attention_body></attentiontbl_body_row></attentiontbl_body></attentiontbl></attention></topic_function_basic></subsection_operation><subsection_operation id="ch06se030402"><titlegroup><titlegroupbody><titlegrouprow><titlegroupcell><title><indexmarker marker="Trunk:Trunk features" />Trunk features</title></titlegroupcell></titlegrouprow></titlegroupbody></titlegroup><topic_function_basic id="ch06se0304020501"><titlegroup><titlegroupbody><titlegrouprow><titlegroupcell><title>Auxiliary box (if equipped)</title></titlegroupcell></titlegrouprow></titlegroupbody></titlegroup><basic_operation id="ch06se03040205010601"><p>Lift the deck mat.</p><fig><image id="ch06se030402050106010801" href="../image/zzcv06ag011a.eps" width="56.000mm" height="38.000mm" /></fig><paraselect><paraselectitem><title>Type A</title><fig><image id="ch06se030402050106011001" href="../image/zzcv06aj020a.eps" width="56.000mm" height="38.000mm" /></fig></paraselectitem><paraselectitem><title>Type B</title><fig><image id="ch06se030402050106011002" href="../image/zzcv06ag010a.eps" width="56.000mm" height="38.000mm" /></fig></paraselectitem></paraselect></basic_operation></topic_function_basic></subsection_operation></section><section id="ch06se04"><title>Other interior features</title><subsection_operation id="ch06se040401"><titlegroup><titlegroupbody><titlegrouprow><titlegroupcell><title>Other interior features</title></titlegroupcell></titlegrouprow></titlegroupbody></titlegroup><topic_function_basic id="ch06se0404010501"><titlegroup><titlegroupbody><titlegrouprow><titlegroupcell><title><indexmarker marker="USB charging port" />USB charging port (if equipped)</title></titlegroupcell></titlegrouprow></titlegroupbody></titlegroup><basic_description id="ch06se04040105010601"><p>The USB charging port are used to supply 2.1 A of electricity at 5 V to external devices.<break />The USB charging port are for charging only. They are not designed for data transfer or other purposes.</p><p>Depending on the external device, it may not charge properly. Refer to the manual included with the device before using a USB charging port.</p></basic_description><basic_operation id="ch06se04040105010602"><title>Using the USB charging port</title><p>Lift the lid while pulling up the knob.</p><fig><image id="ch06se040401050106020801" href="../image/zzcv06ai046a.eps" width="56.000mm" height="38.000mm" /></fig></basic_operation><note id="ch06se04040105010603"><note_body><note_para id="ch06se040401050106030801"><title>The USB charging port can be used when</title><p>The engine switch is in ACC or ON.</p></note_para><note_para id="ch06se040401050106030802"><title>Situations in which the USB charging port may not operate correctly</title><att_list1 type="bull"><att_list1_item><itemtxt>If a device which consumes more than 2.1 A at 5 V is connected</itemtxt></att_list1_item><att_list1_item><itemtxt>If a device designed to communicate with a personal computer, such as a USB memory device, is connected</itemtxt></att_list1_item><att_list1_item><itemtxt>If the connected external device is turned off (depending on device)</itemtxt></att_list1_item><att_list1_item><itemtxt>If the temperature inside the vehicle is high, such as after the vehicle has been parked in the sun</itemtxt></att_list1_item></att_list1></note_para><note_para id="ch06se040401050106030803"><title>About connected external device</title><p>Depending on the connected external device, charging may occasionally be suspended and then start again. This is not a malfunction.</p></note_para></note_body></note><attention id="ch06se04040105010604" type="notice"><attentiontbl><attentiontbl_body><attentiontbl_body_row><attention_body><attention_mark /></attention_body></attentiontbl_body_row><attentiontbl_body_row><attention_body><attention_para id="ch06se040401050106041101"><title>To prevent damage to the USB charging port</title><att_list1 type="bull"><att_list1_item><itemtxt>Do not insert foreign objects into the port.</itemtxt></att_list1_item></att_list1></attention_para></attention_body></attentiontbl_body_row><attentiontbl_body_row><attention_body><attention_para id="ch06se040401050106041102"><att_list1 type="bull"><att_list1_item><itemtxt>Do not spill water or other liquids into the port.</itemtxt></att_list1_item></att_list1></attention_para></attention_body></attentiontbl_body_row><attentiontbl_body_row><attention_body><attention_para id="ch06se040401050106041103"><att_list1 type="bull"><att_list1_item><itemtxt>Do not apply excessive force to or impact the USB charging port.</itemtxt></att_list1_item></att_list1></attention_para></attention_body></attentiontbl_body_row><attentiontbl_body_row><attention_body><attention_para id="ch06se040401050106041104"><att_list1 type="bull"><att_list1_item><itemtxt>Do not disassemble or modify the USB charging port.</itemtxt></att_list1_item></att_list1></attention_para></attention_body></attentiontbl_body_row><attentiontbl_body_row><attention_body><attention_para id="ch06se040401050106041105"><title>To prevent damage to external devices</title><att_list1 type="bull"><att_list1_item><itemtxt>Do not leave external devices in the vehicle. The temperature inside the vehicle may become high, resulting in damage to an external device.</itemtxt></att_list1_item></att_list1></attention_para></attention_body></attentiontbl_body_row><attentiontbl_body_row><attention_body><attention_para id="ch06se040401050106041106"><att_list1 type="bull"><att_list1_item><itemtxt>Do not push down on or apply unnecessary force to an external device or the cable of an external device while it is connected.</itemtxt></att_list1_item></att_list1></attention_para></attention_body></attentiontbl_body_row><attentiontbl_body_row><attention_body><attention_para id="ch06se040401050106041107"><title>To prevent battery discharge</title><p>Do not use the USB charging port for a long period of time with the engine stopped.</p></attention_para></attention_body></attentiontbl_body_row></attentiontbl_body></attentiontbl></attention></topic_function_basic><topic_function_basic id="ch06se0404010502"><titlegroup><titlegroupbody><titlegrouprow><titlegroupcell><title><indexmarker marker="Power outlet" />Power outlet</title></titlegroupcell></titlegrouprow></titlegroupbody></titlegroup><basic_operation id="ch06se04040105020601"><p>The power outlet can be used for 12 V accessories that run on less than 10 A.</p><p>Open the console box lid and open the lid.</p><fig><image id="ch06se040401050206010801" href="../image/zzcv06aj021a.eps" width="56.000mm" height="38.000mm" /></fig></basic_operation><note id="ch06se04040105020602"><note_body><note_para id="ch06se040401050206020801"><title>The power outlet can be used when</title><p>The engine switch is in ACC or ON.</p></note_para><note_para id="ch06se040401050206020802"><title>When turning the engine switch off</title><p>Disconnect electrical devices with charging functions, such as mobile battery packs. If such devices are left connected, the engine switch may not be turned off normally.</p></note_para></note_body></note><attention id="ch06se04040105020603" type="notice"><attentiontbl><attentiontbl_body><attentiontbl_body_row><attention_body><attention_mark /></attention_body></attentiontbl_body_row><attentiontbl_body_row><attention_body><attention_para id="ch06se040401050206031101"><title>To prevent the fuse from being blown</title><p>Do not use an accessory that uses more than 12 V 10 A.</p></attention_para></attention_body></attentiontbl_body_row><attentiontbl_body_row><attention_body><attention_para id="ch06se040401050206031102"><title>To avoid damaging the power outlet</title><p>Close the power outlet lid when the power outlet is not in use. <break />Foreign objects or liquids that enter the power outlet may cause a short circuit.</p></attention_para></attention_body></attentiontbl_body_row><attentiontbl_body_row><attention_body><attention_para id="ch06se040401050206031103"><title>To prevent the battery from being discharged</title><p>Do not use the power outlet longer than necessary when the engine is not running.</p></attention_para></attention_body></attentiontbl_body_row></attentiontbl_body></attentiontbl></attention></topic_function_basic><topic_function_basic id="ch06se0404010503"><titlegroup><titlegroupbody><titlegrouprow><titlegroupcell><title><indexmarker marker="Wireless charger" />Wireless charger (if equipped)</title></titlegroupcell></titlegrouprow></titlegroupbody></titlegroup><basic_description id="ch06se04040105030601"><p>A portable device, such as a smartphone or mobile battery, can be charged by just placing it on the charging area, provided the device is compatible with the Qi wireless charging standard created by the Wireless Power Consortium.</p><p>The wireless charger cannot be used with a portable device that is larger than the charging area. Additionally, depending on the portable device, the wireless charger may not operate properly. Refer to the operation manual of the portable device.</p></basic_description><basic_operation id="ch06se04040105030602"><title>The “Qi” symbol </title><p>The “Qi” symbol is a trademark of the Wireless Power Consortium. </p><fig><image id="ch06se040401050306020801" href="../image/zzcv06ac137a.eps" width="12.347mm" height="14.111mm" /></fig></basic_operation><basic_operation id="ch06se04040105030603"><title>Name for all parts</title><fig><image id="ch06se040401050306030801" href="../image/zzcv06ag012a.eps" width="56.000mm" height="57.000mm" /><callout type="illust"><calloutitem><callouttxt><symbol href="../common/step_a.eps" width="4.233mm" height="4.233mm" /><break type="tab" />Power supply switch</callouttxt></calloutitem><calloutitem><callouttxt><symbol href="../common/step_b.eps" width="4.233mm" height="4.233mm" /><break type="tab" />Operation indicator light</callouttxt></calloutitem><calloutitem><callouttxt><symbol href="../common/step_c.eps" width="4.233mm" height="4.233mm" /><break type="tab" />Charge area</callouttxt></calloutitem></callout></fig></basic_operation><basic_operation id="ch06se04040105030604"><title>Using the wireless charger</title><step><stepitem><steptxt>Press the power supply switch of the wireless charger.</steptxt><steptxt_sub>Pressing the switch again turns the wireless charger off.<break />When turned on, the operation indicator light (green) comes on. <break />When the engine switch is turned off, the on/off state of the wireless charger will be memorized.</steptxt_sub><fig><image id="ch06se040401050306041001" href="../image/zzcv06ac139a.eps" width="56.000mm" height="38.000mm" /></fig></stepitem><stepitem><steptxt>Place a portable device on the charging area with its charging surface facing down.</steptxt><steptxt_sub>While charging, the operation indicator light (orange) will be illuminated.<break />If charging does not begin, move the portable device as close to the center of the charging area as possible.<break />When charging is complete, the operation indicator light (green) will illuminate.</steptxt_sub><fig><image id="ch06se040401050306041002" href="../image/zzcv06ac140a.eps" width="56.000mm" height="38.000mm" /></fig></stepitem></step></basic_operation><basic_operation id="ch06se04040105030605"><title>Recharging function</title><list1 type="bull"><list1_item><itemtxt>If a certain amount of time has elapsed since charging completed and the portable device has not been moved, the wireless charger will restart charging.</itemtxt></list1_item><list1_item><itemtxt>If the portable device is moved within the charging area, charging will stop temporarily then restart.</itemtxt></list1_item></list1></basic_operation><basic_operation id="ch06se04040105030606"><title column="full">Operation indicator light status</title><table colsep="1" rowsep="1" frame="all" column="full"><tgroup cols="2"><colspec colname="1" colwidth="50mm" colnum="1" /><colspec colname="2" colwidth="68mm" colnum="2" /><thead><row><entry colname="1" align="left"><p>Operation indicator light </p></entry><entry colname="2" align="left"><p>State</p></entry></row></thead><tbody><row><entry colname="1" align="left"><p>Off</p></entry><entry colname="2" align="left"><p>The Wireless charger is off</p></entry></row><row><entry colname="1" align="left" morerows="1"><p>Green (illuminated)</p></entry><entry colname="2" align="left"><p>Standby (charging is possible)</p></entry></row><row><entry colname="2" align="left"><p>Charging is complete<sup>*</sup></p></entry></row><row><entry colname="1" align="left" morerows="1"><p>Orange (illuminated)</p></entry><entry colname="2" align="left"><p>A portable device has been placed on the charging area (identifying the portable device)</p></entry></row><row><entry colname="2" align="left"><p>Charging in progress</p></entry></row></tbody></tgroup><footnote type="other"><p column="full">Depending on the portable device, the operation indicator light may stay illuminated (orange) after charging has completed.</p></footnote></table><list1 type="bull" column="full"><list1_item><itemtxt>If the operation indicator light blinks</itemtxt><itemtxt_sub>If an error is detected, the operation indicator light will blink (orange). Take the appropriate measures according to the table below.</itemtxt_sub><table colsep="1" rowsep="1" frame="all"><tgroup cols="3"><colspec colname="1" colwidth="39.3mm" colnum="1" /><colspec colnum="2" colname="3" colwidth="39.3mm" /><colspec colname="2" colwidth="39.4mm" colnum="3" /><thead><row><entry colname="1" align="left"><p>Operation indicator light</p></entry><entry colname="3" align="left"><p>Suspected cause</p></entry><entry colname="2" align="left"><p>Measure</p></entry></row></thead><tbody><row><entry colname="1" align="left"><p>Blinks (orange) at a one second interval continuously</p></entry><entry colname="3" align="left"><p>Vehicle to charger communication failure.</p></entry><entry colname="2" align="left"><p>Contact your Toyota dealer.</p></entry></row><row><entry align="left" colname="1" morerows="1"><p>Blinks (orange) 3 times repeatedly</p></entry><entry colname="3" align="left"><p>A foreign object exists between the portable device and charging area.</p></entry><entry align="left" colname="2"><p>Remove the foreign object.</p></entry></row><row><entry colname="3" align="left"><p>Portable device is not positioned properly on the charging area.</p></entry><entry align="left" colname="2"><p>Move the portable device toward the center of the charging area.</p></entry></row><row><entry align="left" colname="1"><p>Blinks (orange) 4 times repeatedly</p></entry><entry colname="3" align="left"><p>The temperature of the wireless charger is excessively high.</p></entry><entry align="left" colname="2"><p>Stop charging immediately and continue charging after a while.</p></entry></row></tbody></tgroup></table></list1_item></list1></basic_operation><note id="ch06se04040105030607"><note_body><note_para id="ch06se040401050306070801"><title>The wireless charger can be operated when</title><p>The engine switch is in ACC or ON.</p></note_para><note_para id="ch06se040401050306070802"><title>Portable devices that can be charged</title><att_list1 type="bull"><att_list1_item><itemtxt>Portable devices compatible with the Qi wireless charging standard can be charged by the wireless charger. However, compatibility with all devices which meet the Qi wireless charging standard is not guaranteed.</itemtxt></att_list1_item><att_list1_item><itemtxt>The wireless charger is designed to supply low power electricity (5 W or less) to a cellular phone, smartphone, or other portable device.</itemtxt></att_list1_item></att_list1></note_para><note_para id="ch06se040401050306070803"><title>If a cover or accessory is attached to the portable device</title><p>Do not charge a portable device if a cover or accessory which is not Qi compatible is attached. Depending on the type of cover and/or accessory attached, it may not be possible to charge the portable device. If the portable device is placed on the charging area and does not charge, remove the cover and/or accessories.</p></note_para><note_para id="ch06se040401050306070804"><title>If interference is heard in AM radio broadcasts while charging</title><p>Turn off the wireless charger and check if the noise is reduced. If noise is reduced, press and hold the power supply switch of the wireless charger for 2 seconds. The frequency of the wireless charger is changed and noise may be reduced. When the frequency is changed, the operation indicator light will blink (orange) 2 times.</p></note_para><note_para id="ch06se040401050306070805"><title>Charging precautions</title><att_list1 type="bull"><att_list1_item><itemtxt>If the electronic key cannot be detected in the cabin, charging cannot be performed. When a door is opened and closed, charging may be temporarily suspended.</itemtxt></att_list1_item><att_list1_item><itemtxt>While charging, the wireless charger and the portable device will become warm. <break />This is not a malfunction.If a portable device becomes warm while charging and charging stops due to the protection function of the portable device, wait until the portable device cools down and charge it again.</itemtxt></att_list1_item></att_list1></note_para><note_para id="ch06se040401050306070806"><title>Sound generated during operation</title><p>When the power supply switch is turned on or while a portable device is being identified, operation sounds may be heard. This is not a malfunction.</p></note_para><note_para id="ch06se040401050306070807"><title>Cleaning the wireless charger</title><p>&rarr;<xref refid="ch07se0104020504" srcfile="M02502togeenvhch07.xml#ch07se0104020504" /></p></note_para></note_body></note><attention id="ch06se04040105030608" type="warning"><attentiontbl><attentiontbl_body><attentiontbl_body_row><attention_body><attention_mark /></attention_body></attentiontbl_body_row><attentiontbl_body_row><attention_body><attention_para id="ch06se040401050306081101"><title>Caution while driving</title><p>When charging a portable device while driving, for safety reasons, the driver should not operate the portable device.</p></attention_para></attention_body></attentiontbl_body_row><attentiontbl_body_row><attention_body><attention_para id="ch06se040401050306081102"><title>Caution regarding interference with electronic devices</title><p>People with implantable cardiac pacemakers, cardiac resynchronization therapy pacemakers or implantable cardioverter defibrillators, as well as any other electrical medical device, should consult their physician about the usage of the wireless charger.<break />Operations of the wireless charger may have an affect on medical devices.</p></attention_para></attention_body></attentiontbl_body_row><attentiontbl_body_row><attention_body><attention_para id="ch06se040401050306081103"><title>To prevent damage or burns</title><p>Observe the following precautions. <break />Failure to do so may result in the possibility of fire, equipment failure or damage, or burns due to heat.</p></attention_para></attention_body></attentiontbl_body_row><attentiontbl_body_row><attention_body><attention_para id="ch06se040401050306081104"><att_list1 type="bull"><att_list1_item><itemtxt>Do not put any metallic objects between the charging area and the portable device while charging.</itemtxt></att_list1_item></att_list1></attention_para></attention_body></attentiontbl_body_row><attentiontbl_body_row><attention_body><attention_para id="ch06se040401050306081105"><att_list1 type="bull"><att_list1_item><itemtxt>Do not attach metallic objects, such as aluminum stickers, to the charging area.</itemtxt></att_list1_item></att_list1></attention_para></attention_body></attentiontbl_body_row><attentiontbl_body_row><attention_body><attention_para id="ch06se040401050306081106"><att_list1 type="bull"><att_list1_item><itemtxt>Do not cover the wireless charger with a cloth or other object while charging.</itemtxt></att_list1_item></att_list1></attention_para></attention_body></attentiontbl_body_row><attentiontbl_body_row><attention_body><attention_para id="ch06se040401050306081107"><att_list1 type="bull"><att_list1_item><itemtxt>Do not attempt to charge portable devices which are not compatible with the Qi wireless charging standard.</itemtxt></att_list1_item></att_list1></attention_para></attention_body></attentiontbl_body_row><attentiontbl_body_row><attention_body><attention_para id="ch06se040401050306081108"><att_list1 type="bull"><att_list1_item><itemtxt>Do not disassemble, modify or remove the wireless charger.</itemtxt></att_list1_item></att_list1></attention_para></attention_body></attentiontbl_body_row><attentiontbl_body_row><attention_body><attention_para id="ch06se040401050306081109"><att_list1 type="bull"><att_list1_item><itemtxt>Do not apply force or impact to the wireless charger.</itemtxt></att_list1_item></att_list1></attention_para></attention_body></attentiontbl_body_row></attentiontbl_body></attentiontbl></attention><attention id="ch06se04040105030609" type="notice"><attentiontbl><attentiontbl_body><attentiontbl_body_row><attention_body><attention_mark /></attention_body></attentiontbl_body_row><attentiontbl_body_row><attention_body><attention_para id="ch06se040401050306091101"><title>Conditions in which the wireless charger may not operate correctly</title><p>In the following situations, the wireless charger may not operate correctly:</p><att_list1 type="bull"><att_list1_item><itemtxt>When a portable device is fully charged</itemtxt></att_list1_item></att_list1></attention_para></attention_body></attentiontbl_body_row><attentiontbl_body_row><attention_body><attention_para id="ch06se040401050306091102"><att_list1 type="bull"><att_list1_item><itemtxt>When there is a foreign object between the charging area and portable device</itemtxt></att_list1_item></att_list1></attention_para></attention_body></attentiontbl_body_row><attentiontbl_body_row><attention_body><attention_para id="ch06se040401050306091103"><att_list1 type="bull"><att_list1_item><itemtxt>When a portable device becomes hot while charging</itemtxt></att_list1_item></att_list1></attention_para></attention_body></attentiontbl_body_row><attentiontbl_body_row><attention_body><attention_para id="ch06se040401050306091104"><att_list1 type="bull"><att_list1_item><itemtxt>When a portable device is placed on the wireless area with its charging surface facing up</itemtxt></att_list1_item></att_list1></attention_para></attention_body></attentiontbl_body_row><attentiontbl_body_row><attention_body><attention_para id="ch06se040401050306091105"><att_list1 type="bull"><att_list1_item><itemtxt>When a portable device is not centered on the charging area</itemtxt></att_list1_item></att_list1></attention_para></attention_body></attentiontbl_body_row><attentiontbl_body_row><attention_body><attention_para id="ch06se040401050306091106"><att_list1 type="bull"><att_list1_item><itemtxt>When the vehicle is near a TV tower, electric power plant, gas station, radio station, large display, airport or other facility that generates strong radio waves or electrical noise</itemtxt></att_list1_item></att_list1></attention_para></attention_body></attentiontbl_body_row><attentiontbl_body_row><attention_body><attention_para id="ch06se040401050306091107"><att_list1 type="bull"><att_list1_item><itemtxt>When the portable device is in contact with, or is covered by any of the following metallic objects:</itemtxt><att_list2 type="dot"><att_list2_item><itemtxt>Cards to which aluminum foil is attached</itemtxt></att_list2_item><att_list2_item><itemtxt>Cigarette boxes that have aluminum foil inside</itemtxt></att_list2_item><att_list2_item><itemtxt>Metallic wallets or bags</itemtxt></att_list2_item><att_list2_item><itemtxt>Coins</itemtxt></att_list2_item><att_list2_item><itemtxt>Metal hand warmers</itemtxt></att_list2_item><att_list2_item><itemtxt>Media such as CDs and DVDs</itemtxt></att_list2_item></att_list2></att_list1_item></att_list1></attention_para></attention_body></attentiontbl_body_row><attentiontbl_body_row><attention_body><attention_para id="ch06se040401050306091108"><att_list1 type="bull"><att_list1_item><itemtxt>When wireless keys (that emit radio waves) other than those of your vehicle are being used nearby.</itemtxt><itemtxt_sub>If in situations other than above the wireless charger does not operate properly or the operation indicator light is blinking, the wireless charger may be malfunctioning. Contact your Toyota dealer.</itemtxt_sub></att_list1_item></att_list1></attention_para></attention_body></attentiontbl_body_row><attentiontbl_body_row><attention_body><attention_para id="ch06se040401050306091109"><title>To prevent failure or damage to data</title><att_list1 type="bull"><att_list1_item><itemtxt>Do not bring magnetic cards, such as a credit card, or magnetic recording media, close to the wireless charger while charging. Otherwise, data may be erased due to the influence of magnetism.<break />Additionally, do not bring precision instruments such as wrist watches, close to the wireless charger, as such objects may malfunction.</itemtxt></att_list1_item></att_list1></attention_para></attention_body></attentiontbl_body_row><attentiontbl_body_row><attention_body><attention_para id="ch06se040401050306091110"><att_list1 type="bull"><att_list1_item><itemtxt>Do not leave portable devices in the cabin. The temperature inside the cabin may become high when parked in the sun, and cause damage to the device.</itemtxt></att_list1_item></att_list1></attention_para></attention_body></attentiontbl_body_row><attentiontbl_body_row><attention_body><attention_para id="ch06se040401050306091111"><title>To prevent battery discharge</title><p>Do not use the wireless charger for a long period of time with the engine stopped.</p></attention_para></attention_body></attentiontbl_body_row></attentiontbl_body></attentiontbl></attention></topic_function_basic><topic_function_basic id="ch06se0404010504"><titlegroup><titlegroupbody><titlegrouprow><titlegroupcell><title><indexmarker marker="Sun visors" />Sun visors</title></titlegroupcell></titlegrouprow></titlegroupbody></titlegroup><basic_operation id="ch06se04040105040601"><fig><image id="ch06se040401050406010801" href="../image/zzcv06ac093a.eps" width="56.000mm" height="38.000mm" /><callout type="number"><calloutitem><callouttxt>To set the visor in the forward position, flip it down.</callouttxt></calloutitem><calloutitem><callouttxt>To set the visor in the side position, flip down, unhook, and swing it to the side.</callouttxt></calloutitem></callout></fig></basic_operation></topic_function_basic><topic_function_basic id="ch06se0404010505"><titlegroup><titlegroupbody><titlegrouprow><titlegroupcell><title><indexmarker marker="Vanity mirrors" /><indexmarker marker="Vanity lights" /><indexmarker marker="Mirrors:Vanity mirrors" /><indexmarker marker="Lights:Vanity lights" />Vanity mirrors (if equipped)</title></titlegroupcell></titlegrouprow></titlegroupbody></titlegroup><basic_operation id="ch06se04040105050601"><p>Slide the cover to open.</p><p_sub>The vanity light turns on. (if equipped)</p_sub><fig><image href="../image/zzcv06ac095a.eps" height="38.000mm" width="56.000mm" id="ch06se040401050506010801" /></fig><note id="ch06se040401050506010701"><note_body><note_para id="ch06se0404010505060107010901"><title>To prevent battery discharge (vehicles with vanity lights)</title><p>If the vanity lights remain on when the engine switch is OFF, the lights will go off automatically after 20 minutes.</p></note_para></note_body></note><attention id="ch06se040401050506010702" type="notice"><attentiontbl><attentiontbl_body><attentiontbl_body_row><attention_body><attention_mark /></attention_body></attentiontbl_body_row><attentiontbl_body_row><attention_body><attention_para id="ch06se0404010505060107021201"><title>To prevent the battery from being discharged (vehicles with vanity lights)</title><p>Do not leave the vanity lights on for extended periods while the engine is stopped.</p></attention_para></attention_body></attentiontbl_body_row></attentiontbl_body></attentiontbl></attention></basic_operation></topic_function_basic><topic_function_basic id="ch06se0404010506"><titlegroup><titlegroupbody><titlegrouprow><titlegroupcell><title><indexmarker marker="Armrest" />Armrest (if equipped)</title></titlegroupcell></titlegrouprow></titlegroupbody></titlegroup><basic_operation id="ch06se04040105060601"><p>Fold down the armrest for use.</p><fig><image href="../image/zzcv06aj028a.eps" height="38.000mm" width="56.000mm" id="ch06se040401050606010801" /></fig></basic_operation><attention type="notice" id="ch06se04040105060602"><attentiontbl><attentiontbl_body><attentiontbl_body_row><attention_body><attention_mark /></attention_body></attentiontbl_body_row><attentiontbl_body_row><attention_body><attention_para id="ch06se040401050606021101"><title>To prevent damage to the armrest</title><p>Do not apply too much load on the armrest.</p></attention_para></attention_body></attentiontbl_body_row></attentiontbl_body></attentiontbl></attention></topic_function_basic><topic_function_basic id="ch06se0404010507"><titlegroup><titlegroupbody><titlegrouprow><titlegroupcell><title><indexmarker marker="Rear sunshade" /><indexmarker marker="Sunshade:Rear sunshade" />Rear sunshade (if equipped)</title></titlegroupcell></titlegrouprow></titlegroupbody></titlegroup><basic_operation id="ch06se04040105070601"><p>Pull the tab of the shade and hook the shade on the anchors.</p><p>To lower the shade, pull the tab slightly to unhook the shade, and lower it slowly.</p><fig><image id="ch06se040401050706010801" href="../image/zzcv06aj022a.eps" width="56.000mm" height="38.000mm" /></fig></basic_operation><attention id="ch06se04040105070602" type="notice"><attentiontbl><attentiontbl_body><attentiontbl_body_row><attention_body><attention_mark /></attention_body></attentiontbl_body_row><attentiontbl_body_row><attention_body><attention_para id="ch06se040401050706021101"><title>To ensure normal operation of the sunshade</title><att_list1 type="bull"><att_list1_item><itemtxt>Do not place anything where it may hinder the opening/closing of the shade.</itemtxt></att_list1_item><att_list1_item><itemtxt>Do not place anything on the shade.</itemtxt></att_list1_item></att_list1></attention_para></attention_body></attentiontbl_body_row></attentiontbl_body></attentiontbl></attention></topic_function_basic><topic_function_basic id="ch06se0404010508"><titlegroup><titlegroupbody><titlegrouprow><titlegroupcell><title><indexmarker marker="Assist grips" />Assist grips</title></titlegroupcell></titlegrouprow></titlegroupbody></titlegroup><basic_operation id="ch06se04040105080601"><p>An assist grip installed on the ceiling can be used to support your body while sitting on the seat.</p><fig><image href="../image/zzcv06ag016a.eps" height="38.000mm" width="56.000mm" id="ch06se040401050806010801" /><callout type="illust"><calloutitem><callouttxt><symbol href="../common/step_a.eps" width="4.233mm" height="4.233mm" /><break type="tab" />Driver’s side (if equipped)/Front passenger’s side</callouttxt></calloutitem><calloutitem><callouttxt><symbol href="../common/step_b.eps" width="4.233mm" height="4.233mm" /><break type="tab" />Rear</callouttxt></calloutitem></callout></fig></basic_operation><attention type="warning" id="ch06se04040105080602"><attentiontbl><attentiontbl_body><attentiontbl_body_row><attention_body><attention_mark /></attention_body></attentiontbl_body_row><attentiontbl_body_row><attention_body><attention_para id="ch06se040401050806021101"><title>Assist grip</title><p>Do not use the assist grip when getting in or out of the vehicle or rising from your seat.</p></attention_para></attention_body></attentiontbl_body_row></attentiontbl_body></attentiontbl></attention><attention type="notice" id="ch06se04040105080603"><attentiontbl><attentiontbl_body><attentiontbl_body_row><attention_body><attention_mark /></attention_body></attentiontbl_body_row><attentiontbl_body_row><attention_body><attention_para id="ch06se040401050806031101"><title>To prevent damage to the assist grip</title><p>Do not hang any heavy object or put a heavy load on the assist grip.</p></attention_para></attention_body></attentiontbl_body_row></attentiontbl_body></attentiontbl></attention></topic_function_basic><topic_function_basic id="ch06se0404010509"><titlegroup><titlegroupbody><titlegrouprow><titlegroupcell><title><indexmarker marker="Hooks:Coat hooks" /><indexmarker marker="Coat hooks" />Coat hooks</title></titlegroupcell></titlegrouprow></titlegroupbody></titlegroup><basic_operation id="ch06se04040105090601"><p>The coat hooks are provided with the rear assist grips.</p><fig><image href="../image/zzcv06ag015a.eps" height="38.000mm" width="56.000mm" id="ch06se040401050906010801" /></fig></basic_operation><attention type="warning" id="ch06se04040105090602"><attentiontbl><attentiontbl_body><attentiontbl_body_row><attention_body><attention_mark /></attention_body></attentiontbl_body_row><attentiontbl_body_row><attention_body><attention_para id="ch06se040401050906021101"><title>Items that cannot be hung on the coat hook (vehicles with SRS curtain shield airbags)</title><p>Do not hang coat hangers or other hard or sharp objects on the hook. If the SRS curtain shield airbags deploy, these items may become projectiles, causing death or serious injury.</p></attention_para></attention_body></attentiontbl_body_row></attentiontbl_body></attentiontbl></attention></topic_function_basic></subsection_operation></section></chapter></book></toyota_om_vh_ge_en>