﻿<?xml version="1.0" encoding="UTF-8"?>
<!DOCTYPE toyota_om_vh_ge_en SYSTEM "toyota_om_vh_ge_en.dtd" []>
<toyota_om_vh_ge_en><book dev_code="351b" pubname="COROLLA_TMT_GE" drive_train="ff" brand="to" scale="major" pubno="M02502" period_from="201908" body_type="sedan" model="ZRE210_MZEA12L" lang="en" revision="00" vehicle_code="718w" om_style="16style" lo_date="201908" identify_code="x-xx" id="M02502togeenvh" manualtype="vh" period_to="999999" publish_date="201908" production="cmc" vehicle_type="conventional" destination="ge"><index id="ix01"><title>Index</title><section id="ix01se01" secnum="01"><title>What to do if... (Troubleshooting)</title><subsection_supplement id="ix01se010401"><titlegroup><titlegroupbody><titlegrouprow><titlegroupcell><title>What to do if... (Troubleshooting)</title></titlegroupcell></titlegrouprow></titlegroupbody></titlegroup><overview id="ix01se0104010501"><para><paratable><paratablebody><paratablerow><paratablecell><paratabletxt>If you have a problem, check the following before contacting your Toyota dealer.</paratabletxt></paratablecell></paratablerow></paratablebody></paratable></para></overview><topic id="ix01se0104010502"><titlegroup><titlegroupbody><titlegrouprow><titlegroupcell><title>The doors cannot be locked, unlocked, opened or closed</title></titlegroupcell></titlegrouprow></titlegroupbody></titlegroup><om_body id="ix01se01040105020601"><table colsep="0" rowsep="0" frame="none"><tgroup cols="2" tabletype="FrameNone_A"><colspec colname="1" colwidth="13mm" colnum="1" /><colspec colname="2" colwidth="43.5mm" colnum="2" /><tbody><row><entry colname="1" align="center"><tbl_fig><image id="ix01se010401050206011301" href="../image/zzcv99ac047a.eps" border="0" width="12.347mm" height="12.347mm" /></tbl_fig></entry><entry colname="2" align="left"><p><b type="other">You lose your keys</b></p></entry></row></tbody></tgroup></table><list1 type="bull"><list1_item><itemtxt>If you lose your keys or mechanical keys, new genuine keys or mechanical keys can be made by your Toyota dealer. (&rarr;<xref type="P.page" refid="ch08se020409" srcfile="M02502togeenvhch08.xml#ch08se020409" />)</itemtxt></list1_item><list1_item><itemtxt>If you lose your keys or electronic keys, the risk of vehicle theft increases significantly. Contact your Toyota dealer immediately. (&rarr;<xref type="P.page" refid="ch08se020409" srcfile="M02502togeenvhch08.xml#ch08se020409" />)</itemtxt></list1_item></list1><table colsep="0" rowsep="0" frame="none"><tgroup cols="2" tabletype="FrameNone_A"><colspec colname="1" colwidth="13mm" colnum="1" /><colspec colname="2" colwidth="43.5mm" colnum="2" /><tbody><row><entry colname="1" align="center"><tbl_fig><image id="ix01se010401050206011302" href="../image/zzcv99ac048a.eps" border="0" width="12.347mm" height="12.347mm" /></tbl_fig></entry><entry colname="2" align="left"><p><b type="other">The doors cannot be locked or unlocked</b></p></entry></row></tbody></tgroup></table><list1 type="bull"><list1_item><itemtxt>Is the key battery weak or depleted? (&rarr;<xref refid="ch07se030409" srcfile="M02502togeenvhch07.xml#ch07se030409" />)</itemtxt></list1_item><list1_item><itemtxt>Vehicles with a smart entry &amp; start system: Is the engine switch in ON?</itemtxt><itemtxt>When locking the doors, turn the engine switch off. (&rarr;<xref refid="ch04se0204020503" srcfile="M02502togeenvhch04.xml#ch04se0204020503" />)</itemtxt></list1_item><list1_item><itemtxt>Vehicles with a smart entry &amp; start system: Is the electronic key left inside the vehicle?</itemtxt><itemtxt>When locking the doors, make sure that you have the electronic key on your person.</itemtxt></list1_item><list1_item><itemtxt>The function may not operate properly due to the condition of the radio wave. (&rarr;<xref refid="ch03se010401050206020802" srcfile="M02502togeenvhch03.xml#ch03se010401050206020802" />, <xref refid="ch03se02040305020706" type="page only" srcfile="M02502togeenvhch03.xml#ch03se02040305020706" />)</itemtxt></list1_item></list1><table colsep="0" rowsep="0" frame="none"><tgroup cols="2" tabletype="FrameNone_A"><colspec colname="1" colwidth="13mm" colnum="1" /><colspec colname="2" colwidth="43.5mm" colnum="2" /><tbody><row><entry colname="1" align="center"><tbl_fig><image id="ix01se010401050206011303" href="../image/zzcv99ac048a.eps" border="0" width="12.347mm" height="12.347mm" /></tbl_fig></entry><entry colname="2" align="left"><p><b type="other">The rear door cannot be opened</b></p></entry></row></tbody></tgroup></table><list1 type="bull"><list1_item><itemtxt>Is the child-protector lock set?</itemtxt><itemtxt>The rear door cannot be opened from inside the vehicle when the lock is set. Open the rear door from outside and then unlock the child-protector lock. (&rarr;<xref refid="ch03se0204010503" srcfile="M02502togeenvhch03.xml#ch03se0204010503" />)</itemtxt></list1_item></list1><table colsep="0" rowsep="0" frame="none"><tgroup cols="2" tabletype="FrameNone_A"><colspec colname="1" colwidth="13mm" colnum="1" /><colspec colname="2" colwidth="43.5mm" colnum="2" /><tbody><row><entry colname="1" align="center"><tbl_fig><image id="ix01se010401050206011304" href="../image/zzcv99al005a.eps" border="0" width="12.347mm" height="12.347mm" /></tbl_fig></entry><entry colname="2" align="left"><p><b type="other">The trunk lid is closed with the electronic key left inside (vehicles with a smart entry &amp; start system)</b></p></entry></row></tbody></tgroup></table><list1 type="bull"><list1_item><itemtxt>The function to prevent the electronic key from being left inside the trunk will operate and you can open the trunk as usual. Take the key out from the trunk. (&rarr;<xref refid="ch03se02040205030602" srcfile="M02502togeenvhch03.xml#ch03se02040205030602" />)</itemtxt></list1_item></list1></om_body></topic><topic id="ix01se0104010503"><titlegroup><titlegroupbody><titlegrouprow><titlegroupcell><title>If you think something is wrong</title></titlegroupcell></titlegrouprow></titlegroupbody></titlegroup><om_body id="ix01se01040105030601"><table colsep="0" rowsep="0" frame="none"><tgroup cols="2" tabletype="FrameNone_A"><colspec colname="1" colwidth="13mm" colnum="1" /><colspec colname="2" colwidth="43.5mm" colnum="2" /><tbody><row><entry colname="1" align="center"><tbl_fig><image id="ix01se010401050306011301" href="../image/zzcv99ac049a.eps" border="0" width="12.347mm" height="12.347mm" /></tbl_fig></entry><entry colname="2" align="left"><p><b type="other">The engine does not start (vehicles without a smart entry &amp; start system)</b></p></entry></row></tbody></tgroup></table><list1 type="bull"><list1_item><itemtxt>Continuously variable transmission: Is the shift lever in P? (&rarr;<xref refid="ch04se0204010501" srcfile="M02502togeenvhch04.xml#ch04se0204010501" />)</itemtxt></list1_item><list1_item><itemtxt>Manual transmission: Do you turn the key with the clutch pedal depressed firmly? (&rarr;<xref refid="ch04se0204010501" srcfile="M02502togeenvhch04.xml#ch04se0204010501" />)</itemtxt></list1_item><list1_item><itemtxt>Is the steering wheel unlocked? (&rarr;<xref type="P.page" refid="ch04se0204010501060107010902" srcfile="M02502togeenvhch04.xml#ch04se0204010501060107010902" />)</itemtxt></list1_item><list1_item><itemtxt>Is the battery discharged? (&rarr;<xref type="P.page" refid="ch08se020411" srcfile="M02502togeenvhch08.xml#ch08se020411" />)</itemtxt></list1_item></list1><table colsep="0" rowsep="0" frame="none"><tgroup cols="2" tabletype="FrameNone_A"><colspec colname="1" colwidth="13mm" colnum="1" /><colspec colname="2" colwidth="43.5mm" colnum="2" /><tbody><row><entry colname="1" align="center"><tbl_fig><image id="ix01se010401050306011302" href="../image/zzcv99ac050a.eps" border="0" width="12.347mm" height="12.347mm" /></tbl_fig></entry><entry colname="2" align="left"><p><b type="other">The engine does not start (vehicles with a smart entry &amp; start system)</b></p></entry></row></tbody></tgroup></table><list1 type="bull"><list1_item><itemtxt>Did you press the engine switch while firmly depressing the brake pedal? (&rarr;<xref refid="ch04se0204020502" srcfile="M02502togeenvhch04.xml#ch04se0204020502" />)</itemtxt></list1_item><list1_item><itemtxt>Is the shift lever in P? (&rarr;<xref refid="ch04se0204020502" srcfile="M02502togeenvhch04.xml#ch04se0204020502" />)</itemtxt></list1_item><list1_item><itemtxt>Is the electronic key anywhere detectable inside the vehicle? (&rarr;<xref refid="ch03se02040305020702" srcfile="M02502togeenvhch03.xml#ch03se02040305020702" />)</itemtxt></list1_item><list1_item><itemtxt>Is the steering wheel unlocked? (&rarr;<xref type="P.page" refid="ch04se020402050206020806" srcfile="M02502togeenvhch04.xml#ch04se020402050206020806" />)</itemtxt></list1_item><list1_item><itemtxt>Is the electronic key battery weak or depleted?</itemtxt><itemtxt>In this case, the engine can be started in a temporary way. (&rarr;<xref type="P.page" refid="ch08se0204100505" srcfile="M02502togeenvhch08.xml#ch08se0204100505" />)</itemtxt></list1_item><list1_item><itemtxt>Is the battery discharged? (&rarr;<xref type="P.page" refid="ch08se020411" srcfile="M02502togeenvhch08.xml#ch08se020411" />)</itemtxt></list1_item></list1><table colsep="0" rowsep="0" frame="none"><tgroup cols="2" tabletype="FrameNone_A"><colspec colname="1" colwidth="13mm" colnum="1" /><colspec colname="2" colwidth="43.5mm" colnum="2" /><tbody><row><entry colname="1" align="center"><tbl_fig><image id="ix01se010401050306011303" href="../image/zzcv99ac052a.eps" border="0" width="12.347mm" height="12.347mm" /></tbl_fig></entry><entry colname="2" align="left"><p><b type="other">The shift lever cannot be shifted from P even if you depress the brake pedal (continuously variable transmission)</b></p></entry></row></tbody></tgroup></table><list1 type="bull"><list1_item><itemtxt>Is the engine switch in ON?</itemtxt><itemtxt>If you cannot release the shift lever by depressing the brake pedal with the engine switch in ON. (&rarr;<xref refid="ch04se0204030503060107010902" srcfile="M02502togeenvhch04.xml#ch04se0204030503060107010902" />)</itemtxt></list1_item></list1><table colsep="0" rowsep="0" frame="none"><tgroup cols="2" tabletype="FrameNone_A"><colspec colname="1" colwidth="13mm" colnum="1" /><colspec colname="2" colwidth="43.5mm" colnum="2" /><tbody><row><entry colname="1" align="center"><tbl_fig><image id="ix01se010401050306011304" href="../image/zzcv99ac053a.eps" border="0" width="12.347mm" height="12.347mm" /></tbl_fig></entry><entry colname="2" align="left"><p><b type="other">The steering wheel cannot be turned after the engine is stopped</b></p></entry></row></tbody></tgroup></table><list1 type="bull"><list1_item><itemtxt>Vehicles without a smart entry &amp; start system: It is locked to prevent theft of the vehicle if the key is pulled from the engine switch. (&rarr;<xref refid="ch04se0204010502" type="P.page" srcfile="M02502togeenvhch04.xml#ch04se0204010502" />)</itemtxt></list1_item></list1><list1 type="bull"><list1_item><itemtxt>Vehicles with a smart entry &amp; start system: It is locked automatically to prevent theft of the vehicle. (&rarr;<xref refid="ch04se020402050206020806" type="P.page" srcfile="M02502togeenvhch04.xml#ch04se020402050206020806" />)</itemtxt></list1_item></list1><table colsep="0" rowsep="0" frame="none"><tgroup cols="2" tabletype="FrameNone_A"><colspec colname="1" colwidth="13mm" colnum="1" /><colspec colname="2" colwidth="43.5mm" colnum="2" /><tbody><row><entry colname="1" align="center"><tbl_fig><image id="ix01se010401050306011305" href="../image/zzcv99ac054a.eps" border="0" width="12.347mm" height="12.347mm" /></tbl_fig></entry><entry colname="2" align="left"><p><b type="other">The windows do not open or close by operating the power window switches</b></p></entry></row></tbody></tgroup></table><list1 type="bull"><list1_item><itemtxt>Is the window lock switch pressed?</itemtxt><itemtxt>The power window except for the one at the driver’s seat cannot be operated if the window lock switch is pressed. (&rarr;<xref refid="ch03se0504010502" srcfile="M02502togeenvhch03.xml#ch03se0504010502" />)</itemtxt></list1_item></list1><table colsep="0" rowsep="0" frame="none"><tgroup cols="2" tabletype="FrameNone_A"><colspec colname="1" colwidth="13mm" colnum="1" /><colspec colname="2" colwidth="43.5mm" colnum="2" /><tbody><row><entry colname="1" align="center"><tbl_fig><image id="ix01se010401050306011306" href="../image/zzcv99ac050a.eps" border="0" width="12.347mm" height="12.347mm" /></tbl_fig></entry><entry colname="2" align="left"><p><b type="other">The engine switch is turned off automatically (vehicles with a smart entry &amp; start system)</b></p></entry></row></tbody></tgroup></table><list1 type="bull"><list1_item><itemtxt>The auto power off function will be operated if the vehicle is left in ACC or ON (the engine is not running) for a period of time. (&rarr;<xref type="P.page" refid="ch04se020402050406020801" srcfile="M02502togeenvhch04.xml#ch04se020402050406020801" />)</itemtxt></list1_item></list1><table colsep="0" rowsep="0" frame="none"><tgroup cols="2" tabletype="FrameNone_A"><colspec colname="1" colwidth="13mm" colnum="1" /><colspec colname="2" colwidth="43.5mm" colnum="2" /><tbody><row><entry colname="1" align="center"><tbl_fig><image id="ix01se010401050306011307" href="../image/zzcv99ac055a.eps" border="0" width="12.347mm" height="12.347mm" /></tbl_fig></entry><entry colname="2" align="left"><p><b type="other">A warning buzzer sounds during driving</b></p></entry></row></tbody></tgroup></table><list1 type="bull"><list1_item><itemtxt>The seat belt reminder light is flashing</itemtxt><itemtxt>Are the driver and the front passenger wearing the seat belts? (&rarr;<xref type="P.page" refid="ch08se02040405020617" srcfile="M02502togeenvhch08.xml#ch08se02040405020617" />)</itemtxt></list1_item><list1_item><itemtxt>The parking brake indicator is on</itemtxt><itemtxt>Is the parking brake released? (&rarr;<xref refid="ch04se020406" type="P.page" srcfile="M02502togeenvhch04.xml#ch04se020406" />, <xref refid="ch04se020407" type="page only" srcfile="M02502togeenvhch04.xml#ch04se020407" />)</itemtxt></list1_item></list1><p>Depending on the situation, other types of warning buzzer may also sound. (&rarr;<xref type="P.page" refid="ch08se020404" srcfile="M02502togeenvhch08.xml#ch08se020404" />, <xref type="page only" refid="ch08se020405" srcfile="M02502togeenvhch08.xml#ch08se020405" />)</p><table colsep="0" rowsep="0" frame="none"><tgroup cols="2" tabletype="FrameNone_A"><colspec colname="1" colwidth="13mm" colnum="1" /><colspec colname="2" colwidth="43.5mm" colnum="2" /><tbody><row><entry colname="1" align="center"><tbl_fig><image id="ix01se010401050306011308" href="../image/zzcv99ac055a.eps" border="0" width="12.347mm" height="12.347mm" /></tbl_fig></entry><entry colname="2" align="left"><p><b type="other">An alarm is activated and the horn sounds (vehicles with an alarm)</b></p></entry></row></tbody></tgroup></table><list1 type="bull"><list1_item><itemtxt>Did anyone inside the vehicle open a door during setting the alarm?</itemtxt><itemtxt>The sensor detects it and the alarm sounds. (&rarr;<xref type="P.page" refid="ch01se030402" srcfile="M02502togeenvhch01.xml#ch01se030402" />)</itemtxt></list1_item></list1><p column="col" page="none">Do one of the following to deactivate or stop the alarms:</p><list1 type="bull" column="col"><list1_item><itemtxt page="none">Unlock the doors.</itemtxt></list1_item><list1_item><itemtxt>Turn the engine switch to ACC or ON, or start the engine. (The alarm will be deactivated or stopped after a few seconds.)</itemtxt></list1_item></list1><table colsep="0" rowsep="0" frame="none"><tgroup cols="2" tabletype="FrameNone_A"><colspec colname="1" colwidth="13mm" colnum="1" /><colspec colname="2" colwidth="43.5mm" colnum="2" /><tbody><row><entry colname="1" align="center"><tbl_fig><image id="ix01se010401050306011309" href="../image/zzcv99ac055a.eps" border="0" width="12.347mm" height="12.347mm" /></tbl_fig></entry><entry colname="2" align="left"><p><b type="other">A warning buzzer sounds when leaving the vehicle (vehicles with a smart entry &amp; start system)</b></p></entry></row></tbody></tgroup></table><list1 type="bull"><list1_item><itemtxt>Is the electronic key left inside the vehicle?</itemtxt><itemtxt>Check the message on the multi-information display. (&rarr;<xref type="P.page" refid="ch08se020405" srcfile="M02502togeenvhch08.xml#ch08se020405" />)</itemtxt></list1_item></list1><table colsep="0" rowsep="0" frame="none"><tgroup cols="2" tabletype="FrameNone_A"><colspec colname="1" colwidth="13mm" colnum="1" /><colspec colname="2" colwidth="43.5mm" colnum="2" /><tbody><row><entry colname="1" align="center"><tbl_fig><image id="ix01se010401050306011310" href="../image/zzcv99ac056a.eps" border="0" width="12.347mm" height="12.347mm" /></tbl_fig></entry><entry colname="2" align="left"><p><b type="other">A warning light turns on or a warning message is displayed</b></p></entry></row></tbody></tgroup></table><list1 type="bull"><list1_item><itemtxt>When a warning light turns on or a warning message is displayed, refer to <xref type="P.page" refid="ch08se020404" srcfile="M02502togeenvhch08.xml#ch08se020404" />, <xref type="page only" refid="ch08se020405" srcfile="M02502togeenvhch08.xml#ch08se020405" />.</itemtxt></list1_item></list1></om_body></topic><topic id="ix01se0104010504"><titlegroup><titlegroupbody><titlegrouprow><titlegroupcell><title>When a problem has occurred</title></titlegroupcell></titlegrouprow></titlegroupbody></titlegroup><om_body id="ix01se01040105040601"><table colsep="0" rowsep="0" frame="none"><tgroup cols="2" tabletype="FrameNone_A"><colspec colname="1" colwidth="13mm" colnum="1" /><colspec colname="2" colwidth="43.5mm" colnum="2" /><tbody><row><entry colname="1" align="center"><tbl_fig><image id="ix01se010401050406011301" href="../image/zzcv99ac057a.eps" border="0" width="12.347mm" height="12.347mm" /></tbl_fig></entry><entry colname="2" align="left"><p><b type="other">If you have a flat tire</b></p></entry></row></tbody></tgroup></table><list1 type="bull"><list1_item><itemtxt>Vehicles with an emergency tire puncture repair kit: Stop the vehicle in a safe place and repair the flat tire temporarily with the emergency tire puncture repair kit. (&rarr;<xref refid="ch08se020406" srcfile="M02502togeenvhch08.xml#ch08se020406" />)</itemtxt></list1_item><list1_item><itemtxt>Vehicles with spare tire: Stop the vehicle in a safe place and replace the flat tire with the spare tire. (&rarr;<xref refid="ch08se020407" srcfile="M02502togeenvhch08.xml#ch08se020407" />)</itemtxt></list1_item></list1><table colsep="0" rowsep="0" frame="none"><tgroup cols="2" tabletype="FrameNone_A"><colspec colname="1" colwidth="13mm" colnum="1" /><colspec colname="2" colwidth="43.5mm" colnum="2" /><tbody><row><entry colname="1" align="center"><tbl_fig><image id="ix01se010401050406011302" href="../image/zzcv99ac058a.eps" border="0" width="12.347mm" height="12.347mm" /></tbl_fig></entry><entry colname="2" align="left"><p><b type="other">The vehicle becomes stuck</b></p></entry></row></tbody></tgroup></table><list1 type="bull"><list1_item><itemtxt>Try the procedure for when the vehicle becomes stuck in mud, dirt, or snow. (&rarr;<xref refid="ch08se020413" srcfile="M02502togeenvhch08.xml#ch08se020413" />)</itemtxt></list1_item></list1></om_body></topic></subsection_supplement></section><keywordindex id="ix010302" type="01"><title>Alphabetical Index</title><indexgroup type="navi_index"><grouplabel /><grouptitle /></indexgroup><indexlevel1><indexleveltxt>For information regarding the equipment listed below, refer to “Navigation and Multimedia System Owner’s Manual”.</indexleveltxt><indexlevel2><indexleveltxt>· Navigation system</indexleveltxt></indexlevel2><indexlevel2><indexleveltxt>· Audio/visual system</indexleveltxt></indexlevel2><indexlevel2><indexleveltxt>· Rear view monitor system</indexleveltxt></indexlevel2></indexlevel1></keywordindex></index></book></toyota_om_vh_ge_en>