﻿<?xml version="1.0" encoding="UTF-8"?>
<!DOCTYPE toyota_om_vh_ge_en SYSTEM "toyota_om_vh_ge_en.dtd" []>
<toyota_om_vh_ge_en><book dev_code="351b" pubname="COROLLA_TMT_GE" drive_train="ff" brand="to" scale="major" pubno="M02502" period_from="201908" body_type="sedan" model="ZRE210_MZEA12L" lang="en" revision="00" vehicle_code="718w" om_style="16style" lo_date="201908" identify_code="x-xx" id="M02502togeenvh" manualtype="vh" period_to="999999" publish_date="201908" production="cmc" vehicle_type="conventional" destination="ge"><intro id="in03" publish_em="no"><titlegroup><titlegroupbody><titlegrouprow><titlegroupcell><title>How to search</title></titlegroupcell></titlegrouprow></titlegroupbody></titlegroup><body id="in030301"><paragroup><title>Searching by name</title><list1 type="bull"><list1_item><itemtxt>Alphabetical index: &rarr;<xref refid="ix010302" srcfile="M02502togeenvhix01.xml#ix010302" /></itemtxt></list1_item></list1><fig><image id="in0303010601" href="../image/zzcvpiaa031a.eps" width="56.000mm" height="38.000mm" /></fig></paragroup><paragroup><title>Searching by installation position</title><list1 type="bull"><list1_item><itemtxt>Pictorial index: &rarr;<xref refid="il01" srcfile="M02502togeenvhil01.xml#il01" /></itemtxt></list1_item></list1><fig><image id="in0303010602" href="../image/zzcvpiaa032a.eps" width="56.000mm" height="38.000mm" /></fig></paragroup><paragroup><title>Searching by symptom or sound</title><list1 type="bull"><list1_item><itemtxt>What to do if... (Troubleshooting): &rarr;<xref refid="ix01se010401" srcfile="M02502togeenvhix01.xml#ix01se010401" /></itemtxt></list1_item></list1><fig><image id="in0303010603" href="../image/zzcvpiaa033a.eps" width="56.000mm" height="38.000mm" /></fig></paragroup><paragroup><title>Searching by title</title><list1 type="bull"><list1_item><itemtxt>Table of contents: &rarr;P.2</itemtxt></list1_item></list1><fig><image id="in0303010604" href="../image/zzcvpiaa034a.eps" width="56.000mm" height="38.000mm" /></fig></paragroup></body></intro></book></toyota_om_vh_ge_en>